groundtruth_cluster_id,cpse_name,cpse_material_code,raw_material_description,unit_of_measure,match_label,item_category,target_unspsc_code,conflict_reason
CLUST-FST-001,ONGC,ONGC-100192,HEX BOLT M10 X 50 SS304,PCS,exact_duplicate,HEX BOLT,31161601,
CLUST-FST-001,IOCL,IOCL-771029,SS304 HEXAGONAL BOLT 10MM X 50MM DIN 933,NOS,near_duplicate,HEX BOLT,31161601,
CLUST-FST-001,BHEL_Trichy,BHEL-B1050,HEX HEAD BOLT FULL THRD M10X50 GR SS304,NOS,near_duplicate,HEX BOLT,31161601,
CLUST-FST-001,SAIL_Bhilai,SAIL-402910,HEX BOLT M10*50 STAINLESS STEEL 304,EA,near_duplicate,HEX BOLT,31161601,
CLUST-FST-001,NTPC,NTPC-F9920,HEXAGONAL BOLT M10 X 50 MM SS304 IS 1364,PCS,near_duplicate,HEX BOLT,31161601,
CLUST-FST-001-CONFLICT,ONGC,ONGC-100199,HEX BOLT M10 X 50 HT GR 8.8 PHOSPHATED,PCS,incompatible_conflict,HEX BOLT,31161601,Grade 8.8 Carbon Steel vs SS304
CLUST-FST-001-CONFLICT,BHEL_Trichy,BHEL-B1050-88,HIGH TENSILE HEX BOLT 10MM X 50MM CLASS 8.8,NOS,incompatible_conflict,HEX BOLT,31161601,Grade 8.8 Carbon Steel vs SS304
CLUST-FST-002,CPCL,CPCL-FST-8821,STUD BOLT B7 3/4 IN X 120 MM W/2 NUTS 2H,SET,exact_duplicate,STUD BOLT,31161602,
CLUST-FST-002,IOCL,IOCL-ST-7512,"3/4"" X 120MM STUD BOLT ASTM A193 GR B7 + 2 NUTS ASTM A194 GR 2H",SET,near_duplicate,STUD BOLT,31161602,
CLUST-FST-002,ONGC,ONGC-STB-034,STUD BOLT WITH TWO HEAVY HEX NUTS 3/4 INCH X 120MM A193-B7/A194-2H,NOS,near_duplicate,STUD BOLT,31161602,
CLUST-FST-002,GAIL,GAIL-F-0912,"STUD BOLT 3/4""X120 MM A193 B7 / A194 2H",SET,near_duplicate,STUD BOLT,31161602,
CLUST-FST-002-CONFLICT,IOCL,IOCL-ST-B8M,"STUD BOLT 3/4"" X 120MM ASTM A193 B8M (SS316) WITH 2 NUTS GR 8M",SET,incompatible_conflict,STUD BOLT,31161602,B8M Stainless vs B7 Alloy Steel
CLUST-VLV-001,CPCL,CPCL-VLV-04182,GATE VLV 2 IN 150# WCB FLANGED RF TRIM 8 API 600,NOS,exact_duplicate,GATE VALVE,40141607,
CLUST-VLV-001,ONGC,ONGC-GV-150-02,VALVE GATE FLGD RF 2IN CL 150 CS ASTM A216 GR WCB,EA,near_duplicate,GATE VALVE,40141607,
CLUST-VLV-001,IOCL,IOCL-VLV-2201,CARBON STEEL GATE VALVE DN50 PN20 (150#) FLANGED ENDS,PCS,near_duplicate,GATE VALVE,40141607,
CLUST-VLV-001,SAIL_Rourkela,SAIL-VLV-G50-150,GATE VALVE 50 NB CLASS 150 BODY WCB TRIM 13CR,NOS,near_duplicate,GATE VALVE,40141607,
CLUST-VLV-001,NTPC,NTPC-VLV-3307,"GATE VALVE 2"" 150 LBS WCB FLANGED B16.5",NOS,near_duplicate,GATE VALVE,40141607,
CLUST-VLV-001,OIL_India,OIL-VLV-150-50,2 INCH GATE VALVE CLASS 150 WCB API 600 FLANGED RF,NOS,near_duplicate,GATE VALVE,40141607,
CLUST-VLV-001-CONFLICT,IOCL,IOCL-VLV-2202,CS GATE VALVE 2 IN 300# WCB FLG RF ASME B16.34,NOS,incompatible_conflict,GATE VALVE,40141607,Pressure Class 300 vs Class 150
CLUST-VLV-001-CONFLICT,ONGC,ONGC-GV-300-02,GATE VALVE FLG RF 2IN 300LBS WCB,EA,incompatible_conflict,GATE VALVE,40141607,Pressure Class 300 vs Class 150
CLUST-VLV-001-CONFLICT,CPCL,CPCL-VLV-SS150,"GATE VALVE 2"" 150# SS316 A351 CF8M FLANGED",NOS,incompatible_conflict,GATE VALVE,40141607,Stainless Steel CF8M vs Carbon Steel WCB
CLUST-VLV-002,GAIL,GAIL-BV-150-04,BALL VALVE 4 INCH 150# WCB FLGD RF FIRE SAFE API 6D,NOS,exact_duplicate,BALL VALVE,40141611,
CLUST-VLV-002,IOCL,IOCL-BV-4-150,"BALL VLV 4"" CL150 BODY CS A216 WCB BALL SS316 LEVER OPERATED",PCS,near_duplicate,BALL VALVE,40141611,
CLUST-VLV-002,ONGC,ONGC-BV-04-150,VALVE BALL FLG RF 4IN 150LB WCB TRIM SS316,EA,near_duplicate,BALL VALVE,40141611,
CLUST-VLV-002,OIL_India,OIL-BV-100-150,BALL VALVE 100 MM NB CLASS 150 FLANGED FULL BORE WCB,NOS,near_duplicate,BALL VALVE,40141611,
CLUST-VLV-002-CONFLICT,GAIL,GAIL-BV-600-04,BALL VALVE 4 INCH 600# WCB TRUNNION MOUNTED FLANGED,NOS,incompatible_conflict,BALL VALVE,40141611,Pressure Class 600 vs Class 150
CLUST-PIP-001,IOCL,IOCL-PIP-106B-4,PIPE CS SMLS 4 IN SCH 40 ASTM A106 GR.B B/E,MTR,exact_duplicate,SEAMLESS PIPE,40171501,
CLUST-PIP-001,ONGC,ONGC-PIP-4-40,"SEAMLESS STEEL PIPE 4"" NB SCH 40 A106-B",M,near_duplicate,SEAMLESS PIPE,40171501,
CLUST-PIP-001,NTPC,NTPC-P-100-40,CS SEAMLESS PIPE 100 MM NB SCH 40 ASTM A106 GR B,MTR,near_duplicate,SEAMLESS PIPE,40171501,
CLUST-PIP-001,SAIL_Bokaro,SAIL-P-A106-4,CARBON STEEL PIPE SMLS 4 INCH SCH 40 GRADE B,MTR,near_duplicate,SEAMLESS PIPE,40171501,
CLUST-PIP-001-CONFLICT,IOCL,IOCL-PIP-106B-4-80,PIPE CS SMLS 4 IN SCH 80 ASTM A106 GR.B,MTR,incompatible_conflict,SEAMLESS PIPE,40171501,Wall Thickness Sch 80 vs Sch 40
CLUST-PIP-001-CONFLICT,ONGC,ONGC-PIP-312-4,"STAINLESS STEEL PIPE 4"" SCH 40 ASTM A312 TP304",M,incompatible_conflict,SEAMLESS PIPE,40171501,Stainless Steel vs Carbon Steel
CLUST-FLG-001,ONGC,ONGC-F001,Flange WN RF 150# ASTM A105 6IN ASME B16.5,EA,exact_duplicate,WELD NECK FLANGE,40141720,
CLUST-FLG-001,IOCL,IOCL-FLG-6-150,"6"" 150 LBS WNRF FLANGE SCH 40 CS A-105",NOS,near_duplicate,WELD NECK FLANGE,40141720,
CLUST-FLG-001,BHEL_Haridwar,BHEL-WNF-150-150,WELD NECK FLANGE 150MM NB 150# FORGED CARBON STEEL ASTM A105,PCS,near_duplicate,WELD NECK FLANGE,40141720,
CLUST-FLG-001,SAIL_Bhilai,SAIL-FLG-150-WN,FLANGE WELDNECK RAISED FACE 6 INCH 150 LB CARBON STEEL A105,EA,near_duplicate,WELD NECK FLANGE,40141720,
CLUST-FLG-001,OIL_India,OIL-FLG-6-WN150,FLANGE WN 6 INCH 150# RF SCH40 A105,NOS,near_duplicate,WELD NECK FLANGE,40141720,
CLUST-FLG-001-CONFLICT,ONGC,ONGC-F002,Flange WN RF 300# ASTM A105 6IN ASME B16.5,EA,incompatible_conflict,WELD NECK FLANGE,40141720,Pressure Rating 300# vs 150#
CLUST-FLG-001-CONFLICT,IOCL,IOCL-FLG-SO-6,"SLIP ON FLANGE RF 6"" 150# ASTM A105",NOS,incompatible_conflict,WELD NECK FLANGE,40141720,Slip-On vs Weld-Neck Facing
CLUST-BRG-001,SAIL_Bhilai,SAIL-BRG-6205,DEEP GROOVE BALL BEARING 6205 2RS SKF,NOS,exact_duplicate,BALL BEARING,31171504,
CLUST-BRG-001,NTPC,NTPC-BRG-6205-2RS,BEARING NO. 6205-2RS (RUBBER SEALED BOTH SIDES),PCS,near_duplicate,BALL BEARING,31171504,
CLUST-BRG-001,Coal_India_BCCL,CIL-BRG-6205-2RS,BALL BRG 6205 2RS1 FAG / SKF / TIMKEN,NOS,functionally_equivalent,BALL BEARING,31171504,
CLUST-BRG-001,BHEL_Haridwar,BHEL-BRG-06205,RADIAL BALL BEARING 6205 DDU / 2RS C3 CLEARANCE,EA,functionally_equivalent,BALL BEARING,31171504,
CLUST-BRG-001,NMDC,NMDC-BRG-6205,BEARING BALL DEEP GROOVE 6205-2RS1 25X52X15,NOS,near_duplicate,BALL BEARING,31171504,
CLUST-BRG-001-CONFLICT,SAIL_Bhilai,SAIL-BRG-6305,DEEP GROOVE BALL BEARING 6305 2RS SKF,NOS,incompatible_conflict,BALL BEARING,31171504,Series 6305 (25x62x17mm) vs 6205 (25x52x15mm)
CLUST-BRG-001-CONFLICT,NTPC,NTPC-BRG-6205-OPEN,BEARING 6205 OPEN TYPE NO SEALS,PCS,incompatible_conflict,BALL BEARING,31171504,Open Type vs Rubber Sealed 2RS
CLUST-CBL-001,NTPC,NTPC-CBL-11-240,"CABLE,PWR,240MM2,3C,STRANDED,AL,11KV,XLPE,ARMOURED",MTR,exact_duplicate,POWER CABLE,26121629,
CLUST-CBL-001,OIL_India,OIL-ELEC-CBL-11K-240,11 KV GRADE 3CX240 SQ MM ALUMINIUM CONDUCTOR XLPE INSULATED ARMOURED CABLE IS 7098 P2,M,near_duplicate,POWER CABLE,26121629,
CLUST-CBL-001,SAIL_Bokaro,SAIL-EL-CBL-240-11,11KV HT XLPE CABLE 3 CORE 240 SQ.MM AL ARMORED,MTR,near_duplicate,POWER CABLE,26121629,
CLUST-CBL-001,Coal_India_ECL,CIL-ELEC-11KV-240,CABLE HT XLPE AL 3X240 SQMM 11KV E/UE SWA/GSFA,MTR,near_duplicate,POWER CABLE,26121629,
CLUST-CBL-001,POWERGRID,PGCIL-CBL-11-240,11 KV 3X240 SQMM AL XLPE ARMOURED CABLE,MTR,near_duplicate,POWER CABLE,26121629,
CLUST-CBL-001-CONFLICT,NTPC,NTPC-CBL-33-240,33 KV 3CX240 SQMM AL XLPE ARMOURED POWER CABLE,MTR,incompatible_conflict,POWER CABLE,26121629,33 kV vs 11 kV Insulation Voltage
CLUST-CBL-001-CONFLICT,SAIL_Bokaro,SAIL-EL-CBL-11-185,11KV HT XLPE CABLE 3 CORE 185 SQ.MM AL ARMORED,MTR,incompatible_conflict,POWER CABLE,26121629,Conductor Cross Section 185 sq.mm vs 240 sq.mm
CLUST-CBL-001-CONFLICT,Coal_India_ECL,CIL-CBL-11-CU,11 KV 3X240 SQMM COPPER CONDUCTOR XLPE ARMOURED CABLE,MTR,incompatible_conflict,POWER CABLE,26121629,Copper Conductor vs Aluminium Conductor
CLUST-EXP-0011,Coal_India_ECL,Coal_India_ECL-62964,BALL VALVE DN50 PN50 BODY CS WCB,EA,near_duplicate,BALL VALVE,40141600,
CLUST-EXP-0011,POWERGRID,POWERGRID-34467,CS WCB BALL VALVE 50 MM CLASS 300 PN50,EA,near_duplicate,BALL VALVE,40141600,
CLUST-EXP-0011,RINL,RINL-45744,VALVE BALL VALVE FLGD 50 MM ASTM A216 WCB 300#,NOS,near_duplicate,BALL VALVE,40141600,
CLUST-EXP-0011-CONFLICT,IOCL,IOCL-CONF-8017,BALL VALVE 50 MM CLASS 150 CS WCB FLANGED,NOS,incompatible_conflict,BALL VALVE,40141600,Pressure Conflict CLASS 150 vs 300#
CLUST-EXP-0012,NTPC,NTPC-76186,VALVE BLIND FLANGE FLGD 20 MM ASTM A182 F304 150#,PCS,near_duplicate,BLIND FLANGE,40141700,
CLUST-EXP-0012,SAIL_Rourkela,SAIL_Rourkela-91498,BLIND FLANGE DN20 PN20 BODY SS304,PCS,near_duplicate,BLIND FLANGE,40141700,
CLUST-EXP-0012,OIL_India,OIL_India-91181,VALVE BLIND FLANGE FLGD 20 MM ASTM A182 F304 150#,SET,near_duplicate,BLIND FLANGE,40141700,
CLUST-EXP-0012,Coal_India_ECL,Coal_India_ECL-76747,SS304 BLIND FLANGE 20 MM CLASS 150 PN20,NOS,near_duplicate,BLIND FLANGE,40141700,
CLUST-EXP-0012,BHEL_Haridwar,BHEL_Haridwar-23600,BLIND FLANGE 20 MM 150# SS304 FLANGED RF,PCS,near_duplicate,BLIND FLANGE,40141700,
CLUST-EXP-0012-CONFLICT,IOCL,IOCL-CONF-7918,BLIND FLANGE 20 MM CLASS 300 SS304 FLANGED,NOS,incompatible_conflict,BLIND FLANGE,40141700,Pressure Conflict CLASS 300 vs 150#
CLUST-EXP-0013,NHPC,NHPC-97921,VALVE BALL VALVE FLGD 300 MM ASTM A182 F304 600#,SET,near_duplicate,BALL VALVE,40141600,
CLUST-EXP-0013,CPCL,CPCL-68831,BALL VALVE DN300 PN100 BODY SS304,EA,near_duplicate,BALL VALVE,40141600,
CLUST-EXP-0013,Coal_India_BCCL,Coal_India_BCCL-96707,BALL VALVE DN300 PN100 BODY SS304,EA,near_duplicate,BALL VALVE,40141600,
CLUST-EXP-0013,SAIL_Rourkela,SAIL_Rourkela-83443,SS304 BALL VALVE 300 MM CLASS 600 PN100,NOS,near_duplicate,BALL VALVE,40141600,
CLUST-EXP-0013,BHEL_Trichy,BHEL_Trichy-84301,BALL VALVE 300 MM 600# SS304 FLANGED RF,PCS,near_duplicate,BALL VALVE,40141600,
CLUST-EXP-0013-CONFLICT,GAIL,GAIL-CONF-3517,BALL VALVE 300 MM CLASS 150 SS304 FLANGED,NOS,incompatible_conflict,BALL VALVE,40141600,Pressure Conflict CLASS 150 vs 600#
CLUST-EXP-0014,POWERGRID,POWERGRID-75670,BLIND FLANGE DN40 PN100 BODY CS WCB,EA,near_duplicate,BLIND FLANGE,40141700,
CLUST-EXP-0014,ONGC,ONGC-13548,CS WCB BLIND FLANGE 40 MM CLASS 600 PN100,EA,near_duplicate,BLIND FLANGE,40141700,
CLUST-EXP-0014,Coal_India_ECL,Coal_India_ECL-78909,CS WCB BLIND FLANGE 40 MM CLASS 600 PN100,NOS,near_duplicate,BLIND FLANGE,40141700,
CLUST-EXP-0014,RINL,RINL-75132,BLIND FLANGE DN40 PN100 BODY CS WCB,PCS,near_duplicate,BLIND FLANGE,40141700,
CLUST-EXP-0014,BHEL_Trichy,BHEL_Trichy-68770,VALVE BLIND FLANGE FLGD 40 MM ASTM A216 WCB 600#,EA,near_duplicate,BLIND FLANGE,40141700,
CLUST-EXP-0014-CONFLICT,OIL_India,OIL_India-CONF-4090,BLIND FLANGE 40 MM CLASS 150 CS WCB FLANGED,NOS,incompatible_conflict,BLIND FLANGE,40141700,Pressure Conflict CLASS 150 vs 600#
CLUST-EXP-0015,SAIL_Bokaro,SAIL_Bokaro-72851,CHECK VALVE DN15 PN140 BODY CS WCB,PCS,near_duplicate,CHECK VALVE,40141600,
CLUST-EXP-0015,NMDC,NMDC-65306,CHECK VALVE 15 MM 800# CS WCB FLANGED RF,NOS,near_duplicate,CHECK VALVE,40141600,
CLUST-EXP-0015,BEL,BEL-21715,VALVE CHECK VALVE FLGD 15 MM ASTM A216 WCB 800#,PCS,near_duplicate,CHECK VALVE,40141600,
CLUST-EXP-0015,IOCL,IOCL-33998,VALVE CHECK VALVE FLGD 15 MM ASTM A216 WCB 800#,EA,near_duplicate,CHECK VALVE,40141600,
CLUST-EXP-0015,POWERGRID,POWERGRID-76155,VALVE CHECK VALVE FLGD 15 MM ASTM A216 WCB 800#,PCS,near_duplicate,CHECK VALVE,40141600,
CLUST-EXP-0015-CONFLICT,GAIL,GAIL-CONF-8807,CHECK VALVE 15 MM CLASS 150 CS WCB FLANGED,NOS,incompatible_conflict,CHECK VALVE,40141600,Pressure Conflict CLASS 150 vs 800#
CLUST-EXP-0016,BHEL_Haridwar,BHEL_Haridwar-95700,CHECK VALVE DN80 PN50 BODY ALLOY A105,NOS,near_duplicate,CHECK VALVE,40141600,
CLUST-EXP-0016,NMDC,NMDC-98710,CHECK VALVE 80 MM 300# ALLOY A105 FLANGED RF,SET,near_duplicate,CHECK VALVE,40141600,
CLUST-EXP-0016,SAIL_Bhilai,SAIL_Bhilai-11447,CHECK VALVE 80 MM 300# ALLOY A105 FLANGED RF,PCS,near_duplicate,CHECK VALVE,40141600,
CLUST-EXP-0016,SJVN,SJVN-10345,CHECK VALVE DN80 PN50 BODY ALLOY A105,SET,near_duplicate,CHECK VALVE,40141600,
CLUST-EXP-0016-CONFLICT,GAIL,GAIL-CONF-8180,CHECK VALVE 80 MM CLASS 150 ALLOY A105 FLANGED,NOS,incompatible_conflict,CHECK VALVE,40141600,Pressure Conflict CLASS 150 vs 300#
CLUST-EXP-0017,BEL,BEL-99745,WELD NECK FLANGE 80 MM 300# ALLOY A105 FLANGED RF,NOS,near_duplicate,WELD NECK FLANGE,40141700,
CLUST-EXP-0017,OIL_India,OIL_India-44295,WELD NECK FLANGE DN80 PN50 BODY ALLOY A105,PCS,near_duplicate,WELD NECK FLANGE,40141700,
CLUST-EXP-0017,NHPC,NHPC-13197,ALLOY A105 WELD NECK FLANGE 80 MM CLASS 300 PN50,SET,near_duplicate,WELD NECK FLANGE,40141700,
CLUST-EXP-0017,Coal_India_ECL,Coal_India_ECL-58985,WELD NECK FLANGE 80 MM 300# ALLOY A105 FLANGED RF,SET,near_duplicate,WELD NECK FLANGE,40141700,
CLUST-EXP-0017-CONFLICT,GAIL,GAIL-CONF-9645,WELD NECK FLANGE 80 MM CLASS 150 ALLOY A105 FLANGED,NOS,incompatible_conflict,WELD NECK FLANGE,40141700,Pressure Conflict CLASS 150 vs 300#
CLUST-EXP-0018,POWERGRID,POWERGRID-31428,ALLOY A105 GLOBE VALVE 150 MM CLASS 800 PN140,PCS,near_duplicate,GLOBE VALVE,40141600,
CLUST-EXP-0018,Coal_India_BCCL,Coal_India_BCCL-94160,VALVE GLOBE VALVE FLGD 150 MM ASTM A105 800#,PCS,near_duplicate,GLOBE VALVE,40141600,
CLUST-EXP-0018,BEL,BEL-98695,GLOBE VALVE 150 MM 800# ALLOY A105 FLANGED RF,SET,near_duplicate,GLOBE VALVE,40141600,
CLUST-EXP-0018,SAIL_Bokaro,SAIL_Bokaro-19914,GLOBE VALVE 150 MM 800# ALLOY A105 FLANGED RF,SET,near_duplicate,GLOBE VALVE,40141600,
CLUST-EXP-0018-CONFLICT,IOCL,IOCL-CONF-2505,GLOBE VALVE 150 MM CLASS 150 ALLOY A105 FLANGED,NOS,incompatible_conflict,GLOBE VALVE,40141600,Pressure Conflict CLASS 150 vs 800#
CLUST-EXP-0019,SJVN,SJVN-81708,ALLOY A105 CHECK VALVE 25 MM CLASS 800 PN140,SET,near_duplicate,CHECK VALVE,40141600,
CLUST-EXP-0019,GAIL,GAIL-16320,CHECK VALVE DN25 PN140 BODY ALLOY A105,SET,near_duplicate,CHECK VALVE,40141600,
CLUST-EXP-0019,BHEL_Trichy,BHEL_Trichy-15263,ALLOY A105 CHECK VALVE 25 MM CLASS 800 PN140,PCS,near_duplicate,CHECK VALVE,40141600,
CLUST-EXP-0019,SAIL_Bokaro,SAIL_Bokaro-59733,CHECK VALVE 25 MM 800# ALLOY A105 FLANGED RF,EA,near_duplicate,CHECK VALVE,40141600,
CLUST-EXP-0019,Coal_India_ECL,Coal_India_ECL-12270,CHECK VALVE DN25 PN140 BODY ALLOY A105,EA,near_duplicate,CHECK VALVE,40141600,
CLUST-EXP-0019-CONFLICT,GAIL,GAIL-CONF-1530,CHECK VALVE 25 MM CLASS 150 ALLOY A105 FLANGED,NOS,incompatible_conflict,CHECK VALVE,40141600,Pressure Conflict CLASS 150 vs 800#
CLUST-EXP-0020,SAIL_Bhilai,SAIL_Bhilai-80168,BALL VALVE 100 MM 300# SS304 FLANGED RF,EA,near_duplicate,BALL VALVE,40141600,
CLUST-EXP-0020,NMDC,NMDC-64217,BALL VALVE DN100 PN50 BODY SS304,NOS,near_duplicate,BALL VALVE,40141600,
CLUST-EXP-0020,NTPC,NTPC-22956,BALL VALVE 100 MM 300# SS304 FLANGED RF,SET,near_duplicate,BALL VALVE,40141600,
CLUST-EXP-0020,BHEL_Haridwar,BHEL_Haridwar-14444,BALL VALVE DN100 PN50 BODY SS304,PCS,near_duplicate,BALL VALVE,40141600,
CLUST-EXP-0020-CONFLICT,CPCL,CPCL-CONF-9749,BALL VALVE 100 MM CLASS 150 SS304 FLANGED,NOS,incompatible_conflict,BALL VALVE,40141600,Pressure Conflict CLASS 150 vs 300#
CLUST-EXP-0021,OIL_India,OIL_India-13873,ALLOY A105 BALL VALVE 15 MM CLASS 300 PN50,NOS,near_duplicate,BALL VALVE,40141600,
CLUST-EXP-0021,NMDC,NMDC-54510,BALL VALVE 15 MM 300# ALLOY A105 FLANGED RF,EA,near_duplicate,BALL VALVE,40141600,
CLUST-EXP-0021,BHEL_Haridwar,BHEL_Haridwar-68125,VALVE BALL VALVE FLGD 15 MM ASTM A105 300#,EA,near_duplicate,BALL VALVE,40141600,
CLUST-EXP-0021-CONFLICT,CPCL,CPCL-CONF-6014,BALL VALVE 15 MM CLASS 150 ALLOY A105 FLANGED,NOS,incompatible_conflict,BALL VALVE,40141600,Pressure Conflict CLASS 150 vs 300#
CLUST-EXP-0022,IOCL,IOCL-95842,VALVE GLOBE VALVE FLGD 250 MM ASTM A182 F304 150#,NOS,near_duplicate,GLOBE VALVE,40141600,
CLUST-EXP-0022,BHEL_Haridwar,BHEL_Haridwar-21657,VALVE GLOBE VALVE FLGD 250 MM ASTM A182 F304 150#,PCS,near_duplicate,GLOBE VALVE,40141600,
CLUST-EXP-0022,NHPC,NHPC-32987,SS304 GLOBE VALVE 250 MM CLASS 150 PN20,NOS,near_duplicate,GLOBE VALVE,40141600,
CLUST-EXP-0022,SAIL_Rourkela,SAIL_Rourkela-53294,VALVE GLOBE VALVE FLGD 250 MM ASTM A182 F304 150#,SET,near_duplicate,GLOBE VALVE,40141600,
CLUST-EXP-0022-CONFLICT,ONGC,ONGC-CONF-4957,GLOBE VALVE 250 MM CLASS 300 SS304 FLANGED,NOS,incompatible_conflict,GLOBE VALVE,40141600,Pressure Conflict CLASS 300 vs 150#
CLUST-EXP-0023,Coal_India_ECL,Coal_India_ECL-60750,CHECK VALVE DN200 PN50 BODY CS WCB,NOS,near_duplicate,CHECK VALVE,40141600,
CLUST-EXP-0023,NTPC,NTPC-37713,CS WCB CHECK VALVE 200 MM CLASS 300 PN50,SET,near_duplicate,CHECK VALVE,40141600,
CLUST-EXP-0023,GAIL,GAIL-75060,CHECK VALVE 200 MM 300# CS WCB FLANGED RF,PCS,near_duplicate,CHECK VALVE,40141600,
CLUST-EXP-0023-CONFLICT,ONGC,ONGC-CONF-3246,CHECK VALVE 200 MM CLASS 150 CS WCB FLANGED,NOS,incompatible_conflict,CHECK VALVE,40141600,Pressure Conflict CLASS 150 vs 300#
CLUST-EXP-0024,BEL,BEL-37541,GLOBE VALVE 40 MM 150# CS WCB FLANGED RF,EA,near_duplicate,GLOBE VALVE,40141600,
CLUST-EXP-0024,SAIL_Bhilai,SAIL_Bhilai-50403,VALVE GLOBE VALVE FLGD 40 MM ASTM A216 WCB 150#,PCS,near_duplicate,GLOBE VALVE,40141600,
CLUST-EXP-0024,SJVN,SJVN-48585,CS WCB GLOBE VALVE 40 MM CLASS 150 PN20,EA,near_duplicate,GLOBE VALVE,40141600,
CLUST-EXP-0024,ONGC,ONGC-11271,GLOBE VALVE DN40 PN20 BODY CS WCB,NOS,near_duplicate,GLOBE VALVE,40141600,
CLUST-EXP-0024,NMDC,NMDC-67312,GLOBE VALVE DN40 PN20 BODY CS WCB,EA,near_duplicate,GLOBE VALVE,40141600,
CLUST-EXP-0024-CONFLICT,OIL_India,OIL_India-CONF-5155,GLOBE VALVE 40 MM CLASS 300 CS WCB FLANGED,NOS,incompatible_conflict,GLOBE VALVE,40141600,Pressure Conflict CLASS 300 vs 150#
CLUST-EXP-0025,BEL,BEL-19068,VALVE WELD NECK FLANGE FLGD 25 MM ASTM A105 800#,EA,near_duplicate,WELD NECK FLANGE,40141700,
CLUST-EXP-0025,NMDC,NMDC-25154,WELD NECK FLANGE 25 MM 800# ALLOY A105 FLANGED RF,SET,near_duplicate,WELD NECK FLANGE,40141700,
CLUST-EXP-0025,SJVN,SJVN-94562,WELD NECK FLANGE 25 MM 800# ALLOY A105 FLANGED RF,PCS,near_duplicate,WELD NECK FLANGE,40141700,
CLUST-EXP-0025,SAIL_Bokaro,SAIL_Bokaro-25588,ALLOY A105 WELD NECK FLANGE 25 MM CLASS 800 PN140,PCS,near_duplicate,WELD NECK FLANGE,40141700,
CLUST-EXP-0025,GAIL,GAIL-38434,VALVE WELD NECK FLANGE FLGD 25 MM ASTM A105 800#,EA,near_duplicate,WELD NECK FLANGE,40141700,
CLUST-EXP-0025-CONFLICT,CPCL,CPCL-CONF-9608,WELD NECK FLANGE 25 MM CLASS 150 ALLOY A105 FLANGED,NOS,incompatible_conflict,WELD NECK FLANGE,40141700,Pressure Conflict CLASS 150 vs 800#
CLUST-EXP-0026,NHPC,NHPC-64528,GLOBE VALVE 50 MM 600# CS WCB FLANGED RF,SET,near_duplicate,GLOBE VALVE,40141600,
CLUST-EXP-0026,SAIL_Bokaro,SAIL_Bokaro-65313,GLOBE VALVE DN50 PN100 BODY CS WCB,PCS,near_duplicate,GLOBE VALVE,40141600,
CLUST-EXP-0026,IOCL,IOCL-51494,CS WCB GLOBE VALVE 50 MM CLASS 600 PN100,NOS,near_duplicate,GLOBE VALVE,40141600,
CLUST-EXP-0026-CONFLICT,OIL_India,OIL_India-CONF-2218,GLOBE VALVE 50 MM CLASS 150 CS WCB FLANGED,NOS,incompatible_conflict,GLOBE VALVE,40141600,Pressure Conflict CLASS 150 vs 600#
CLUST-EXP-0027,NTPC,NTPC-80652,VALVE GLOBE VALVE FLGD 20 MM ASTM A216 WCB 800#,SET,near_duplicate,GLOBE VALVE,40141600,
CLUST-EXP-0027,BEL,BEL-71330,CS WCB GLOBE VALVE 20 MM CLASS 800 PN140,NOS,near_duplicate,GLOBE VALVE,40141600,
CLUST-EXP-0027,Coal_India_ECL,Coal_India_ECL-97153,VALVE GLOBE VALVE FLGD 20 MM ASTM A216 WCB 800#,PCS,near_duplicate,GLOBE VALVE,40141600,
CLUST-EXP-0027-CONFLICT,CPCL,CPCL-CONF-4418,GLOBE VALVE 20 MM CLASS 150 CS WCB FLANGED,NOS,incompatible_conflict,GLOBE VALVE,40141600,Pressure Conflict CLASS 150 vs 800#
CLUST-EXP-0028,IOCL,IOCL-96581,SS304 GLOBE VALVE 25 MM CLASS 800 PN140,EA,near_duplicate,GLOBE VALVE,40141600,
CLUST-EXP-0028,SAIL_Rourkela,SAIL_Rourkela-18130,GLOBE VALVE DN25 PN140 BODY SS304,EA,near_duplicate,GLOBE VALVE,40141600,
CLUST-EXP-0028,BHEL_Haridwar,BHEL_Haridwar-92251,GLOBE VALVE 25 MM 800# SS304 FLANGED RF,EA,near_duplicate,GLOBE VALVE,40141600,
CLUST-EXP-0028-CONFLICT,GAIL,GAIL-CONF-5906,GLOBE VALVE 25 MM CLASS 150 SS304 FLANGED,NOS,incompatible_conflict,GLOBE VALVE,40141600,Pressure Conflict CLASS 150 vs 800#
CLUST-EXP-0029,ONGC,ONGC-94484,VALVE CHECK VALVE FLGD 80 MM ASTM A182 F316 300#,EA,near_duplicate,CHECK VALVE,40141600,
CLUST-EXP-0029,NTPC,NTPC-16275,VALVE CHECK VALVE FLGD 80 MM ASTM A182 F316 300#,NOS,near_duplicate,CHECK VALVE,40141600,
CLUST-EXP-0029,NMDC,NMDC-58767,CHECK VALVE DN80 PN50 BODY SS316,PCS,near_duplicate,CHECK VALVE,40141600,
CLUST-EXP-0029-CONFLICT,GAIL,GAIL-CONF-8902,CHECK VALVE 80 MM CLASS 150 SS316 FLANGED,NOS,incompatible_conflict,CHECK VALVE,40141600,Pressure Conflict CLASS 150 vs 300#
CLUST-EXP-0030,ONGC,ONGC-68700,BALL VALVE DN100 PN50 BODY CS WCB,SET,near_duplicate,BALL VALVE,40141600,
CLUST-EXP-0030,SAIL_Bokaro,SAIL_Bokaro-83299,BALL VALVE DN100 PN50 BODY CS WCB,NOS,near_duplicate,BALL VALVE,40141600,
CLUST-EXP-0030,SJVN,SJVN-77421,BALL VALVE DN100 PN50 BODY CS WCB,NOS,near_duplicate,BALL VALVE,40141600,
CLUST-EXP-0030,BHEL_Trichy,BHEL_Trichy-19758,BALL VALVE 100 MM 300# CS WCB FLANGED RF,EA,near_duplicate,BALL VALVE,40141600,
CLUST-EXP-0030,NMDC,NMDC-67868,BALL VALVE DN100 PN50 BODY CS WCB,PCS,near_duplicate,BALL VALVE,40141600,
CLUST-EXP-0030-CONFLICT,GAIL,GAIL-CONF-4469,BALL VALVE 100 MM CLASS 150 CS WCB FLANGED,NOS,incompatible_conflict,BALL VALVE,40141600,Pressure Conflict CLASS 150 vs 300#
CLUST-EXP-0031,SAIL_Rourkela,SAIL_Rourkela-39191,SS304 CHECK VALVE 200 MM CLASS 300 PN50,SET,near_duplicate,CHECK VALVE,40141600,
CLUST-EXP-0031,BHEL_Trichy,BHEL_Trichy-85058,SS304 CHECK VALVE 200 MM CLASS 300 PN50,NOS,near_duplicate,CHECK VALVE,40141600,
CLUST-EXP-0031,SJVN,SJVN-76050,CHECK VALVE DN200 PN50 BODY SS304,SET,near_duplicate,CHECK VALVE,40141600,
CLUST-EXP-0031,Coal_India_ECL,Coal_India_ECL-70056,SS304 CHECK VALVE 200 MM CLASS 300 PN50,PCS,near_duplicate,CHECK VALVE,40141600,
CLUST-EXP-0031-CONFLICT,CPCL,CPCL-CONF-3281,CHECK VALVE 200 MM CLASS 150 SS304 FLANGED,NOS,incompatible_conflict,CHECK VALVE,40141600,Pressure Conflict CLASS 150 vs 300#
CLUST-EXP-0032,NTPC,NTPC-16801,GLOBE VALVE DN80 PN100 BODY SS304,PCS,near_duplicate,GLOBE VALVE,40141600,
CLUST-EXP-0032,SAIL_Bhilai,SAIL_Bhilai-96526,VALVE GLOBE VALVE FLGD 80 MM ASTM A182 F304 600#,SET,near_duplicate,GLOBE VALVE,40141600,
CLUST-EXP-0032,NMDC,NMDC-31496,VALVE GLOBE VALVE FLGD 80 MM ASTM A182 F304 600#,SET,near_duplicate,GLOBE VALVE,40141600,
CLUST-EXP-0032-CONFLICT,OIL_India,OIL_India-CONF-9106,GLOBE VALVE 80 MM CLASS 150 SS304 FLANGED,NOS,incompatible_conflict,GLOBE VALVE,40141600,Pressure Conflict CLASS 150 vs 600#
CLUST-EXP-0033,BHEL_Trichy,BHEL_Trichy-52062,BLIND FLANGE 250 MM 300# SS316 FLANGED RF,SET,near_duplicate,BLIND FLANGE,40141700,
CLUST-EXP-0033,IOCL,IOCL-42396,SS316 BLIND FLANGE 250 MM CLASS 300 PN50,EA,near_duplicate,BLIND FLANGE,40141700,
CLUST-EXP-0033,NMDC,NMDC-44830,BLIND FLANGE 250 MM 300# SS316 FLANGED RF,EA,near_duplicate,BLIND FLANGE,40141700,
CLUST-EXP-0033,NTPC,NTPC-87035,SS316 BLIND FLANGE 250 MM CLASS 300 PN50,EA,near_duplicate,BLIND FLANGE,40141700,
CLUST-EXP-0033,SAIL_Rourkela,SAIL_Rourkela-94744,VALVE BLIND FLANGE FLGD 250 MM ASTM A182 F316 300#,PCS,near_duplicate,BLIND FLANGE,40141700,
CLUST-EXP-0033-CONFLICT,OIL_India,OIL_India-CONF-6085,BLIND FLANGE 250 MM CLASS 150 SS316 FLANGED,NOS,incompatible_conflict,BLIND FLANGE,40141700,Pressure Conflict CLASS 150 vs 300#
CLUST-EXP-0034,BEL,BEL-57226,SS316 BALL VALVE 40 MM CLASS 300 PN50,SET,near_duplicate,BALL VALVE,40141600,
CLUST-EXP-0034,NTPC,NTPC-86118,SS316 BALL VALVE 40 MM CLASS 300 PN50,EA,near_duplicate,BALL VALVE,40141600,
CLUST-EXP-0034,SAIL_Bhilai,SAIL_Bhilai-30597,SS316 BALL VALVE 40 MM CLASS 300 PN50,EA,near_duplicate,BALL VALVE,40141600,
CLUST-EXP-0034-CONFLICT,CPCL,CPCL-CONF-2049,BALL VALVE 40 MM CLASS 150 SS316 FLANGED,NOS,incompatible_conflict,BALL VALVE,40141600,Pressure Conflict CLASS 150 vs 300#
CLUST-EXP-0035,NHPC,NHPC-41063,BLIND FLANGE DN50 PN20 BODY SS304,SET,near_duplicate,BLIND FLANGE,40141700,
CLUST-EXP-0035,BEL,BEL-53088,VALVE BLIND FLANGE FLGD 50 MM ASTM A182 F304 150#,NOS,near_duplicate,BLIND FLANGE,40141700,
CLUST-EXP-0035,SAIL_Rourkela,SAIL_Rourkela-72222,BLIND FLANGE DN50 PN20 BODY SS304,PCS,near_duplicate,BLIND FLANGE,40141700,
CLUST-EXP-0035,NMDC,NMDC-13134,BLIND FLANGE DN50 PN20 BODY SS304,NOS,near_duplicate,BLIND FLANGE,40141700,
CLUST-EXP-0035-CONFLICT,OIL_India,OIL_India-CONF-3849,BLIND FLANGE 50 MM CLASS 300 SS304 FLANGED,NOS,incompatible_conflict,BLIND FLANGE,40141700,Pressure Conflict CLASS 300 vs 150#
CLUST-EXP-0036,NHPC,NHPC-73731,WELD NECK FLANGE DN100 PN50 BODY CS WCB,NOS,near_duplicate,WELD NECK FLANGE,40141700,
CLUST-EXP-0036,SAIL_Bokaro,SAIL_Bokaro-50934,CS WCB WELD NECK FLANGE 100 MM CLASS 300 PN50,SET,near_duplicate,WELD NECK FLANGE,40141700,
CLUST-EXP-0036,NMDC,NMDC-50191,VALVE WELD NECK FLANGE FLGD 100 MM ASTM A216 WCB 300#,NOS,near_duplicate,WELD NECK FLANGE,40141700,
CLUST-EXP-0036,BEL,BEL-65169,VALVE WELD NECK FLANGE FLGD 100 MM ASTM A216 WCB 300#,PCS,near_duplicate,WELD NECK FLANGE,40141700,
CLUST-EXP-0036,GAIL,GAIL-60182,CS WCB WELD NECK FLANGE 100 MM CLASS 300 PN50,SET,near_duplicate,WELD NECK FLANGE,40141700,
CLUST-EXP-0036-CONFLICT,ONGC,ONGC-CONF-7197,WELD NECK FLANGE 100 MM CLASS 150 CS WCB FLANGED,NOS,incompatible_conflict,WELD NECK FLANGE,40141700,Pressure Conflict CLASS 150 vs 300#
CLUST-EXP-0037,SJVN,SJVN-55534,VALVE WELD NECK FLANGE FLGD 50 MM ASTM A216 WCB 300#,NOS,near_duplicate,WELD NECK FLANGE,40141700,
CLUST-EXP-0037,SAIL_Bhilai,SAIL_Bhilai-65474,CS WCB WELD NECK FLANGE 50 MM CLASS 300 PN50,EA,near_duplicate,WELD NECK FLANGE,40141700,
CLUST-EXP-0037,Coal_India_ECL,Coal_India_ECL-56236,WELD NECK FLANGE DN50 PN50 BODY CS WCB,NOS,near_duplicate,WELD NECK FLANGE,40141700,
CLUST-EXP-0037,BHEL_Haridwar,BHEL_Haridwar-88238,WELD NECK FLANGE DN50 PN50 BODY CS WCB,NOS,near_duplicate,WELD NECK FLANGE,40141700,
CLUST-EXP-0037,ONGC,ONGC-59295,CS WCB WELD NECK FLANGE 50 MM CLASS 300 PN50,SET,near_duplicate,WELD NECK FLANGE,40141700,
CLUST-EXP-0037-CONFLICT,OIL_India,OIL_India-CONF-9060,WELD NECK FLANGE 50 MM CLASS 150 CS WCB FLANGED,NOS,incompatible_conflict,WELD NECK FLANGE,40141700,Pressure Conflict CLASS 150 vs 300#
CLUST-EXP-0038,Coal_India_ECL,Coal_India_ECL-54911,WELD NECK FLANGE 200 MM 600# ALLOY A105 FLANGED RF,EA,near_duplicate,WELD NECK FLANGE,40141700,
CLUST-EXP-0038,SJVN,SJVN-98044,WELD NECK FLANGE DN200 PN100 BODY ALLOY A105,PCS,near_duplicate,WELD NECK FLANGE,40141700,
CLUST-EXP-0038,CPCL,CPCL-37333,ALLOY A105 WELD NECK FLANGE 200 MM CLASS 600 PN100,SET,near_duplicate,WELD NECK FLANGE,40141700,
CLUST-EXP-0038-CONFLICT,OIL_India,OIL_India-CONF-1276,WELD NECK FLANGE 200 MM CLASS 150 ALLOY A105 FLANGED,NOS,incompatible_conflict,WELD NECK FLANGE,40141700,Pressure Conflict CLASS 150 vs 600#
CLUST-EXP-0039,POWERGRID,POWERGRID-43688,VALVE BLIND FLANGE FLGD 80 MM ASTM A105 300#,EA,near_duplicate,BLIND FLANGE,40141700,
CLUST-EXP-0039,BHEL_Haridwar,BHEL_Haridwar-53161,VALVE BLIND FLANGE FLGD 80 MM ASTM A105 300#,SET,near_duplicate,BLIND FLANGE,40141700,
CLUST-EXP-0039,NMDC,NMDC-85025,BLIND FLANGE DN80 PN50 BODY ALLOY A105,PCS,near_duplicate,BLIND FLANGE,40141700,
CLUST-EXP-0039,GAIL,GAIL-16793,BLIND FLANGE 80 MM 300# ALLOY A105 FLANGED RF,EA,near_duplicate,BLIND FLANGE,40141700,
CLUST-EXP-0039-CONFLICT,CPCL,CPCL-CONF-6935,BLIND FLANGE 80 MM CLASS 150 ALLOY A105 FLANGED,NOS,incompatible_conflict,BLIND FLANGE,40141700,Pressure Conflict CLASS 150 vs 300#
CLUST-EXP-0040,NMDC,NMDC-69885,VALVE BLIND FLANGE FLGD 300 MM ASTM A105 600#,SET,near_duplicate,BLIND FLANGE,40141700,
CLUST-EXP-0040,IOCL,IOCL-30630,ALLOY A105 BLIND FLANGE 300 MM CLASS 600 PN100,NOS,near_duplicate,BLIND FLANGE,40141700,
CLUST-EXP-0040,BEL,BEL-71076,BLIND FLANGE 300 MM 600# ALLOY A105 FLANGED RF,SET,near_duplicate,BLIND FLANGE,40141700,
CLUST-EXP-0040,POWERGRID,POWERGRID-80319,VALVE BLIND FLANGE FLGD 300 MM ASTM A105 600#,PCS,near_duplicate,BLIND FLANGE,40141700,
CLUST-EXP-0040-CONFLICT,CPCL,CPCL-CONF-1534,BLIND FLANGE 300 MM CLASS 150 ALLOY A105 FLANGED,NOS,incompatible_conflict,BLIND FLANGE,40141700,Pressure Conflict CLASS 150 vs 600#
CLUST-EXP-0041,Coal_India_BCCL,Coal_India_BCCL-96934,SS316 BLIND FLANGE 250 MM CLASS 150 PN20,PCS,near_duplicate,BLIND FLANGE,40141700,
CLUST-EXP-0041,GAIL,GAIL-27587,SS316 BLIND FLANGE 250 MM CLASS 150 PN20,PCS,near_duplicate,BLIND FLANGE,40141700,
CLUST-EXP-0041,BHEL_Trichy,BHEL_Trichy-60567,VALVE BLIND FLANGE FLGD 250 MM ASTM A182 F316 150#,PCS,near_duplicate,BLIND FLANGE,40141700,
CLUST-EXP-0041,SJVN,SJVN-28678,SS316 BLIND FLANGE 250 MM CLASS 150 PN20,NOS,near_duplicate,BLIND FLANGE,40141700,
CLUST-EXP-0041-CONFLICT,IOCL,IOCL-CONF-9770,BLIND FLANGE 250 MM CLASS 300 SS316 FLANGED,NOS,incompatible_conflict,BLIND FLANGE,40141700,Pressure Conflict CLASS 300 vs 150#
CLUST-EXP-0042,BHEL_Trichy,BHEL_Trichy-16159,SS316 BLIND FLANGE 80 MM CLASS 600 PN100,NOS,near_duplicate,BLIND FLANGE,40141700,
CLUST-EXP-0042,NHPC,NHPC-52259,BLIND FLANGE DN80 PN100 BODY SS316,PCS,near_duplicate,BLIND FLANGE,40141700,
CLUST-EXP-0042,NMDC,NMDC-18320,VALVE BLIND FLANGE FLGD 80 MM ASTM A182 F316 600#,NOS,near_duplicate,BLIND FLANGE,40141700,
CLUST-EXP-0042,IOCL,IOCL-49984,SS316 BLIND FLANGE 80 MM CLASS 600 PN100,SET,near_duplicate,BLIND FLANGE,40141700,
CLUST-EXP-0042,SAIL_Rourkela,SAIL_Rourkela-50078,SS316 BLIND FLANGE 80 MM CLASS 600 PN100,EA,near_duplicate,BLIND FLANGE,40141700,
CLUST-EXP-0042-CONFLICT,GAIL,GAIL-CONF-6449,BLIND FLANGE 80 MM CLASS 150 SS316 FLANGED,NOS,incompatible_conflict,BLIND FLANGE,40141700,Pressure Conflict CLASS 150 vs 600#
CLUST-EXP-0043,BHEL_Trichy,BHEL_Trichy-12978,GLOBE VALVE 50 MM 800# SS316 FLANGED RF,SET,near_duplicate,GLOBE VALVE,40141600,
CLUST-EXP-0043,SAIL_Rourkela,SAIL_Rourkela-88606,GLOBE VALVE DN50 PN140 BODY SS316,PCS,near_duplicate,GLOBE VALVE,40141600,
CLUST-EXP-0043,NMDC,NMDC-75653,GLOBE VALVE DN50 PN140 BODY SS316,PCS,near_duplicate,GLOBE VALVE,40141600,
CLUST-EXP-0043-CONFLICT,OIL_India,OIL_India-CONF-5163,GLOBE VALVE 50 MM CLASS 150 SS316 FLANGED,NOS,incompatible_conflict,GLOBE VALVE,40141600,Pressure Conflict CLASS 150 vs 800#
CLUST-EXP-0044,OIL_India,OIL_India-49052,CS WCB GLOBE VALVE 40 MM CLASS 800 PN140,EA,near_duplicate,GLOBE VALVE,40141600,
CLUST-EXP-0044,BEL,BEL-55219,CS WCB GLOBE VALVE 40 MM CLASS 800 PN140,PCS,near_duplicate,GLOBE VALVE,40141600,
CLUST-EXP-0044,RINL,RINL-85367,GLOBE VALVE DN40 PN140 BODY CS WCB,SET,near_duplicate,GLOBE VALVE,40141600,
CLUST-EXP-0044-CONFLICT,CPCL,CPCL-CONF-4151,GLOBE VALVE 40 MM CLASS 150 CS WCB FLANGED,NOS,incompatible_conflict,GLOBE VALVE,40141600,Pressure Conflict CLASS 150 vs 800#
CLUST-EXP-0045,ONGC,ONGC-67665,VALVE BALL VALVE FLGD 15 MM ASTM A182 F304 600#,NOS,near_duplicate,BALL VALVE,40141600,
CLUST-EXP-0045,BHEL_Trichy,BHEL_Trichy-61618,SS304 BALL VALVE 15 MM CLASS 600 PN100,EA,near_duplicate,BALL VALVE,40141600,
CLUST-EXP-0045,Coal_India_BCCL,Coal_India_BCCL-37346,BALL VALVE DN15 PN100 BODY SS304,SET,near_duplicate,BALL VALVE,40141600,
CLUST-EXP-0045,POWERGRID,POWERGRID-10220,BALL VALVE 15 MM 600# SS304 FLANGED RF,EA,near_duplicate,BALL VALVE,40141600,
CLUST-EXP-0045,SAIL_Rourkela,SAIL_Rourkela-20502,SS304 BALL VALVE 15 MM CLASS 600 PN100,EA,near_duplicate,BALL VALVE,40141600,
CLUST-EXP-0045-CONFLICT,IOCL,IOCL-CONF-1899,BALL VALVE 15 MM CLASS 150 SS304 FLANGED,NOS,incompatible_conflict,BALL VALVE,40141600,Pressure Conflict CLASS 150 vs 600#
CLUST-EXP-0046,NTPC,NTPC-76283,SS304 WELD NECK FLANGE 80 MM CLASS 600 PN100,SET,near_duplicate,WELD NECK FLANGE,40141700,
CLUST-EXP-0046,ONGC,ONGC-82663,SS304 WELD NECK FLANGE 80 MM CLASS 600 PN100,PCS,near_duplicate,WELD NECK FLANGE,40141700,
CLUST-EXP-0046,NMDC,NMDC-27583,WELD NECK FLANGE 80 MM 600# SS304 FLANGED RF,EA,near_duplicate,WELD NECK FLANGE,40141700,
CLUST-EXP-0046,SAIL_Bokaro,SAIL_Bokaro-93465,WELD NECK FLANGE 80 MM 600# SS304 FLANGED RF,NOS,near_duplicate,WELD NECK FLANGE,40141700,
CLUST-EXP-0046-CONFLICT,IOCL,IOCL-CONF-7308,WELD NECK FLANGE 80 MM CLASS 150 SS304 FLANGED,NOS,incompatible_conflict,WELD NECK FLANGE,40141700,Pressure Conflict CLASS 150 vs 600#
CLUST-EXP-0047,CPCL,CPCL-26174,VALVE BALL VALVE FLGD 80 MM ASTM A216 WCB 800#,NOS,near_duplicate,BALL VALVE,40141600,
CLUST-EXP-0047,BHEL_Haridwar,BHEL_Haridwar-16221,VALVE BALL VALVE FLGD 80 MM ASTM A216 WCB 800#,EA,near_duplicate,BALL VALVE,40141600,
CLUST-EXP-0047,RINL,RINL-22549,BALL VALVE DN80 PN140 BODY CS WCB,EA,near_duplicate,BALL VALVE,40141600,
CLUST-EXP-0047-CONFLICT,GAIL,GAIL-CONF-5545,BALL VALVE 80 MM CLASS 150 CS WCB FLANGED,NOS,incompatible_conflict,BALL VALVE,40141600,Pressure Conflict CLASS 150 vs 800#
CLUST-EXP-0048,BHEL_Trichy,BHEL_Trichy-24572,BALL VALVE DN150 PN20 BODY ALLOY A105,EA,near_duplicate,BALL VALVE,40141600,
CLUST-EXP-0048,SAIL_Rourkela,SAIL_Rourkela-17001,VALVE BALL VALVE FLGD 150 MM ASTM A105 150#,SET,near_duplicate,BALL VALVE,40141600,
CLUST-EXP-0048,IOCL,IOCL-25699,BALL VALVE 150 MM 150# ALLOY A105 FLANGED RF,SET,near_duplicate,BALL VALVE,40141600,
CLUST-EXP-0048,NTPC,NTPC-99726,BALL VALVE DN150 PN20 BODY ALLOY A105,NOS,near_duplicate,BALL VALVE,40141600,
CLUST-EXP-0048,Coal_India_BCCL,Coal_India_BCCL-76101,BALL VALVE 150 MM 150# ALLOY A105 FLANGED RF,EA,near_duplicate,BALL VALVE,40141600,
CLUST-EXP-0048-CONFLICT,ONGC,ONGC-CONF-2906,BALL VALVE 150 MM CLASS 300 ALLOY A105 FLANGED,NOS,incompatible_conflict,BALL VALVE,40141600,Pressure Conflict CLASS 300 vs 150#
CLUST-EXP-0049,SJVN,SJVN-72079,GLOBE VALVE 40 MM 600# ALLOY A105 FLANGED RF,SET,near_duplicate,GLOBE VALVE,40141600,
CLUST-EXP-0049,BEL,BEL-73201,VALVE GLOBE VALVE FLGD 40 MM ASTM A105 600#,SET,near_duplicate,GLOBE VALVE,40141600,
CLUST-EXP-0049,CPCL,CPCL-25129,ALLOY A105 GLOBE VALVE 40 MM CLASS 600 PN100,PCS,near_duplicate,GLOBE VALVE,40141600,
CLUST-EXP-0049,SAIL_Bokaro,SAIL_Bokaro-80039,ALLOY A105 GLOBE VALVE 40 MM CLASS 600 PN100,PCS,near_duplicate,GLOBE VALVE,40141600,
CLUST-EXP-0049-CONFLICT,ONGC,ONGC-CONF-9442,GLOBE VALVE 40 MM CLASS 150 ALLOY A105 FLANGED,NOS,incompatible_conflict,GLOBE VALVE,40141600,Pressure Conflict CLASS 150 vs 600#
CLUST-EXP-0050,POWERGRID,POWERGRID-47840,VALVE BALL VALVE FLGD 80 MM ASTM A182 F304 150#,SET,near_duplicate,BALL VALVE,40141600,
CLUST-EXP-0050,Coal_India_BCCL,Coal_India_BCCL-35272,BALL VALVE DN80 PN20 BODY SS304,NOS,near_duplicate,BALL VALVE,40141600,
CLUST-EXP-0050,ONGC,ONGC-44138,BALL VALVE DN80 PN20 BODY SS304,NOS,near_duplicate,BALL VALVE,40141600,
CLUST-EXP-0050,SAIL_Rourkela,SAIL_Rourkela-40929,BALL VALVE DN80 PN20 BODY SS304,PCS,near_duplicate,BALL VALVE,40141600,
CLUST-EXP-0050-CONFLICT,CPCL,CPCL-CONF-7700,BALL VALVE 80 MM CLASS 300 SS304 FLANGED,NOS,incompatible_conflict,BALL VALVE,40141600,Pressure Conflict CLASS 300 vs 150#
CLUST-EXP-0051,NTPC,NTPC-83498,CHECK VALVE DN250 PN20 BODY ALLOY A105,NOS,near_duplicate,CHECK VALVE,40141600,
CLUST-EXP-0051,BHEL_Trichy,BHEL_Trichy-48957,ALLOY A105 CHECK VALVE 250 MM CLASS 150 PN20,EA,near_duplicate,CHECK VALVE,40141600,
CLUST-EXP-0051,RINL,RINL-93091,VALVE CHECK VALVE FLGD 250 MM ASTM A105 150#,NOS,near_duplicate,CHECK VALVE,40141600,
CLUST-EXP-0051-CONFLICT,IOCL,IOCL-CONF-9715,CHECK VALVE 250 MM CLASS 300 ALLOY A105 FLANGED,NOS,incompatible_conflict,CHECK VALVE,40141600,Pressure Conflict CLASS 300 vs 150#
CLUST-EXP-0052,SJVN,SJVN-90844,CHECK VALVE 15 MM 600# ALLOY A105 FLANGED RF,PCS,near_duplicate,CHECK VALVE,40141600,
CLUST-EXP-0052,NMDC,NMDC-52060,CHECK VALVE DN15 PN100 BODY ALLOY A105,PCS,near_duplicate,CHECK VALVE,40141600,
CLUST-EXP-0052,IOCL,IOCL-51028,VALVE CHECK VALVE FLGD 15 MM ASTM A105 600#,SET,near_duplicate,CHECK VALVE,40141600,
CLUST-EXP-0052,BHEL_Haridwar,BHEL_Haridwar-57213,VALVE CHECK VALVE FLGD 15 MM ASTM A105 600#,SET,near_duplicate,CHECK VALVE,40141600,
CLUST-EXP-0052,SAIL_Bhilai,SAIL_Bhilai-17460,ALLOY A105 CHECK VALVE 15 MM CLASS 600 PN100,EA,near_duplicate,CHECK VALVE,40141600,
CLUST-EXP-0052-CONFLICT,CPCL,CPCL-CONF-9761,CHECK VALVE 15 MM CLASS 150 ALLOY A105 FLANGED,NOS,incompatible_conflict,CHECK VALVE,40141600,Pressure Conflict CLASS 150 vs 600#
CLUST-EXP-0053,SAIL_Rourkela,SAIL_Rourkela-60066,CHECK VALVE 100 MM 800# SS304 FLANGED RF,PCS,near_duplicate,CHECK VALVE,40141600,
CLUST-EXP-0053,Coal_India_BCCL,Coal_India_BCCL-14423,CHECK VALVE DN100 PN140 BODY SS304,SET,near_duplicate,CHECK VALVE,40141600,
CLUST-EXP-0053,NHPC,NHPC-76724,CHECK VALVE DN100 PN140 BODY SS304,EA,near_duplicate,CHECK VALVE,40141600,
CLUST-EXP-0053,BEL,BEL-84000,CHECK VALVE 100 MM 800# SS304 FLANGED RF,PCS,near_duplicate,CHECK VALVE,40141600,
CLUST-EXP-0053-CONFLICT,GAIL,GAIL-CONF-8647,CHECK VALVE 100 MM CLASS 150 SS304 FLANGED,NOS,incompatible_conflict,CHECK VALVE,40141600,Pressure Conflict CLASS 150 vs 800#
CLUST-EXP-0054,SAIL_Bhilai,SAIL_Bhilai-96104,CHECK VALVE 20 MM 150# ALLOY A105 FLANGED RF,SET,near_duplicate,CHECK VALVE,40141600,
CLUST-EXP-0054,BHEL_Trichy,BHEL_Trichy-22161,CHECK VALVE DN20 PN20 BODY ALLOY A105,PCS,near_duplicate,CHECK VALVE,40141600,
CLUST-EXP-0054,IOCL,IOCL-10956,VALVE CHECK VALVE FLGD 20 MM ASTM A105 150#,PCS,near_duplicate,CHECK VALVE,40141600,
CLUST-EXP-0054,Coal_India_ECL,Coal_India_ECL-62853,CHECK VALVE 20 MM 150# ALLOY A105 FLANGED RF,PCS,near_duplicate,CHECK VALVE,40141600,
CLUST-EXP-0054,SJVN,SJVN-28995,CHECK VALVE 20 MM 150# ALLOY A105 FLANGED RF,EA,near_duplicate,CHECK VALVE,40141600,
CLUST-EXP-0054-CONFLICT,GAIL,GAIL-CONF-3545,CHECK VALVE 20 MM CLASS 300 ALLOY A105 FLANGED,NOS,incompatible_conflict,CHECK VALVE,40141600,Pressure Conflict CLASS 300 vs 150#
CLUST-EXP-0055,NHPC,NHPC-36042,SS304 BLIND FLANGE 40 MM CLASS 300 PN50,PCS,near_duplicate,BLIND FLANGE,40141700,
CLUST-EXP-0055,SAIL_Bokaro,SAIL_Bokaro-72681,BLIND FLANGE 40 MM 300# SS304 FLANGED RF,SET,near_duplicate,BLIND FLANGE,40141700,
CLUST-EXP-0055,NMDC,NMDC-44685,VALVE BLIND FLANGE FLGD 40 MM ASTM A182 F304 300#,PCS,near_duplicate,BLIND FLANGE,40141700,
CLUST-EXP-0055,BHEL_Trichy,BHEL_Trichy-97645,SS304 BLIND FLANGE 40 MM CLASS 300 PN50,SET,near_duplicate,BLIND FLANGE,40141700,
CLUST-EXP-0055,OIL_India,OIL_India-32713,SS304 BLIND FLANGE 40 MM CLASS 300 PN50,NOS,near_duplicate,BLIND FLANGE,40141700,
CLUST-EXP-0055-CONFLICT,ONGC,ONGC-CONF-5591,BLIND FLANGE 40 MM CLASS 150 SS304 FLANGED,NOS,incompatible_conflict,BLIND FLANGE,40141700,Pressure Conflict CLASS 150 vs 300#
CLUST-EXP-0056,NHPC,NHPC-65774,CHECK VALVE 50 MM 600# SS316 FLANGED RF,EA,near_duplicate,CHECK VALVE,40141600,
CLUST-EXP-0056,SAIL_Bokaro,SAIL_Bokaro-91762,CHECK VALVE 50 MM 600# SS316 FLANGED RF,SET,near_duplicate,CHECK VALVE,40141600,
CLUST-EXP-0056,ONGC,ONGC-66391,SS316 CHECK VALVE 50 MM CLASS 600 PN100,SET,near_duplicate,CHECK VALVE,40141600,
CLUST-EXP-0056,Coal_India_BCCL,Coal_India_BCCL-67607,VALVE CHECK VALVE FLGD 50 MM ASTM A182 F316 600#,NOS,near_duplicate,CHECK VALVE,40141600,
CLUST-EXP-0056,BHEL_Trichy,BHEL_Trichy-83134,SS316 CHECK VALVE 50 MM CLASS 600 PN100,SET,near_duplicate,CHECK VALVE,40141600,
CLUST-EXP-0056-CONFLICT,CPCL,CPCL-CONF-4960,CHECK VALVE 50 MM CLASS 150 SS316 FLANGED,NOS,incompatible_conflict,CHECK VALVE,40141600,Pressure Conflict CLASS 150 vs 600#
CLUST-EXP-0057,NHPC,NHPC-96428,VALVE CHECK VALVE FLGD 50 MM ASTM A216 WCB 300#,NOS,near_duplicate,CHECK VALVE,40141600,
CLUST-EXP-0057,Coal_India_ECL,Coal_India_ECL-16438,CHECK VALVE DN50 PN50 BODY CS WCB,NOS,near_duplicate,CHECK VALVE,40141600,
CLUST-EXP-0057,OIL_India,OIL_India-77465,CHECK VALVE 50 MM 300# CS WCB FLANGED RF,SET,near_duplicate,CHECK VALVE,40141600,
CLUST-EXP-0057,SAIL_Rourkela,SAIL_Rourkela-21980,VALVE CHECK VALVE FLGD 50 MM ASTM A216 WCB 300#,SET,near_duplicate,CHECK VALVE,40141600,
CLUST-EXP-0057-CONFLICT,CPCL,CPCL-CONF-1865,CHECK VALVE 50 MM CLASS 150 CS WCB FLANGED,NOS,incompatible_conflict,CHECK VALVE,40141600,Pressure Conflict CLASS 150 vs 300#
CLUST-EXP-0058,RINL,RINL-64532,CHECK VALVE 15 MM 800# SS316 FLANGED RF,EA,near_duplicate,CHECK VALVE,40141600,
CLUST-EXP-0058,BHEL_Trichy,BHEL_Trichy-73542,VALVE CHECK VALVE FLGD 15 MM ASTM A182 F316 800#,PCS,near_duplicate,CHECK VALVE,40141600,
CLUST-EXP-0058,IOCL,IOCL-75308,SS316 CHECK VALVE 15 MM CLASS 800 PN140,EA,near_duplicate,CHECK VALVE,40141600,
CLUST-EXP-0058,NTPC,NTPC-60465,SS316 CHECK VALVE 15 MM CLASS 800 PN140,EA,near_duplicate,CHECK VALVE,40141600,
CLUST-EXP-0058,Coal_India_ECL,Coal_India_ECL-20398,CHECK VALVE 15 MM 800# SS316 FLANGED RF,EA,near_duplicate,CHECK VALVE,40141600,
CLUST-EXP-0058-CONFLICT,CPCL,CPCL-CONF-8258,CHECK VALVE 15 MM CLASS 150 SS316 FLANGED,NOS,incompatible_conflict,CHECK VALVE,40141600,Pressure Conflict CLASS 150 vs 800#
CLUST-EXP-0059,BHEL_Haridwar,BHEL_Haridwar-63737,ALLOY A105 GLOBE VALVE 50 MM CLASS 300 PN50,EA,near_duplicate,GLOBE VALVE,40141600,
CLUST-EXP-0059,OIL_India,OIL_India-94266,GLOBE VALVE DN50 PN50 BODY ALLOY A105,EA,near_duplicate,GLOBE VALVE,40141600,
CLUST-EXP-0059,SAIL_Bokaro,SAIL_Bokaro-68373,GLOBE VALVE DN50 PN50 BODY ALLOY A105,NOS,near_duplicate,GLOBE VALVE,40141600,
CLUST-EXP-0059,Coal_India_BCCL,Coal_India_BCCL-58909,ALLOY A105 GLOBE VALVE 50 MM CLASS 300 PN50,PCS,near_duplicate,GLOBE VALVE,40141600,
CLUST-EXP-0059-CONFLICT,CPCL,CPCL-CONF-3088,GLOBE VALVE 50 MM CLASS 150 ALLOY A105 FLANGED,NOS,incompatible_conflict,GLOBE VALVE,40141600,Pressure Conflict CLASS 150 vs 300#
CLUST-EXP-0060,Coal_India_BCCL,Coal_India_BCCL-20659,SS304 GLOBE VALVE 20 MM CLASS 600 PN100,SET,near_duplicate,GLOBE VALVE,40141600,
CLUST-EXP-0060,BHEL_Trichy,BHEL_Trichy-22857,VALVE GLOBE VALVE FLGD 20 MM ASTM A182 F304 600#,EA,near_duplicate,GLOBE VALVE,40141600,
CLUST-EXP-0060,CPCL,CPCL-94352,GLOBE VALVE DN20 PN100 BODY SS304,EA,near_duplicate,GLOBE VALVE,40141600,
CLUST-EXP-0060,SAIL_Rourkela,SAIL_Rourkela-19216,SS304 GLOBE VALVE 20 MM CLASS 600 PN100,PCS,near_duplicate,GLOBE VALVE,40141600,
CLUST-EXP-0060-CONFLICT,IOCL,IOCL-CONF-1550,GLOBE VALVE 20 MM CLASS 150 SS304 FLANGED,NOS,incompatible_conflict,GLOBE VALVE,40141600,Pressure Conflict CLASS 150 vs 600#
CLUST-EXP-0061,CPCL,CPCL-69987,SS304 CHECK VALVE 40 MM CLASS 300 PN50,SET,near_duplicate,CHECK VALVE,40141600,
CLUST-EXP-0061,SAIL_Bokaro,SAIL_Bokaro-65113,CHECK VALVE DN40 PN50 BODY SS304,PCS,near_duplicate,CHECK VALVE,40141600,
CLUST-EXP-0061,BHEL_Trichy,BHEL_Trichy-82865,CHECK VALVE DN40 PN50 BODY SS304,SET,near_duplicate,CHECK VALVE,40141600,
CLUST-EXP-0061,Coal_India_ECL,Coal_India_ECL-51996,CHECK VALVE DN40 PN50 BODY SS304,EA,near_duplicate,CHECK VALVE,40141600,
CLUST-EXP-0061,SJVN,SJVN-99926,SS304 CHECK VALVE 40 MM CLASS 300 PN50,PCS,near_duplicate,CHECK VALVE,40141600,
CLUST-EXP-0061-CONFLICT,CPCL,CPCL-CONF-5847,CHECK VALVE 40 MM CLASS 150 SS304 FLANGED,NOS,incompatible_conflict,CHECK VALVE,40141600,Pressure Conflict CLASS 150 vs 300#
CLUST-EXP-0062,CPCL,CPCL-35745,WELD NECK FLANGE DN300 PN140 BODY SS304,SET,near_duplicate,WELD NECK FLANGE,40141700,
CLUST-EXP-0062,BHEL_Haridwar,BHEL_Haridwar-24064,WELD NECK FLANGE 300 MM 800# SS304 FLANGED RF,SET,near_duplicate,WELD NECK FLANGE,40141700,
CLUST-EXP-0062,Coal_India_BCCL,Coal_India_BCCL-88491,WELD NECK FLANGE DN300 PN140 BODY SS304,SET,near_duplicate,WELD NECK FLANGE,40141700,
CLUST-EXP-0062,RINL,RINL-69812,SS304 WELD NECK FLANGE 300 MM CLASS 800 PN140,SET,near_duplicate,WELD NECK FLANGE,40141700,
CLUST-EXP-0062,NHPC,NHPC-70153,VALVE WELD NECK FLANGE FLGD 300 MM ASTM A182 F304 800#,PCS,near_duplicate,WELD NECK FLANGE,40141700,
CLUST-EXP-0062-CONFLICT,OIL_India,OIL_India-CONF-3206,WELD NECK FLANGE 300 MM CLASS 150 SS304 FLANGED,NOS,incompatible_conflict,WELD NECK FLANGE,40141700,Pressure Conflict CLASS 150 vs 800#
CLUST-EXP-0063,RINL,RINL-67240,WELD NECK FLANGE 150 MM 600# SS316 FLANGED RF,NOS,near_duplicate,WELD NECK FLANGE,40141700,
CLUST-EXP-0063,NMDC,NMDC-77136,VALVE WELD NECK FLANGE FLGD 150 MM ASTM A182 F316 600#,PCS,near_duplicate,WELD NECK FLANGE,40141700,
CLUST-EXP-0063,NTPC,NTPC-31933,WELD NECK FLANGE 150 MM 600# SS316 FLANGED RF,NOS,near_duplicate,WELD NECK FLANGE,40141700,
CLUST-EXP-0063,OIL_India,OIL_India-25633,WELD NECK FLANGE DN150 PN100 BODY SS316,SET,near_duplicate,WELD NECK FLANGE,40141700,
CLUST-EXP-0063-CONFLICT,IOCL,IOCL-CONF-4087,WELD NECK FLANGE 150 MM CLASS 150 SS316 FLANGED,NOS,incompatible_conflict,WELD NECK FLANGE,40141700,Pressure Conflict CLASS 150 vs 600#
CLUST-EXP-0064,Coal_India_BCCL,Coal_India_BCCL-49091,BALL VALVE DN300 PN100 BODY CS WCB,NOS,near_duplicate,BALL VALVE,40141600,
CLUST-EXP-0064,BHEL_Trichy,BHEL_Trichy-36023,BALL VALVE 300 MM 600# CS WCB FLANGED RF,EA,near_duplicate,BALL VALVE,40141600,
CLUST-EXP-0064,SAIL_Bokaro,SAIL_Bokaro-26203,BALL VALVE 300 MM 600# CS WCB FLANGED RF,EA,near_duplicate,BALL VALVE,40141600,
CLUST-EXP-0064,OIL_India,OIL_India-77266,VALVE BALL VALVE FLGD 300 MM ASTM A216 WCB 600#,NOS,near_duplicate,BALL VALVE,40141600,
CLUST-EXP-0064,POWERGRID,POWERGRID-70235,BALL VALVE DN300 PN100 BODY CS WCB,SET,near_duplicate,BALL VALVE,40141600,
CLUST-EXP-0064-CONFLICT,GAIL,GAIL-CONF-7781,BALL VALVE 300 MM CLASS 150 CS WCB FLANGED,NOS,incompatible_conflict,BALL VALVE,40141600,Pressure Conflict CLASS 150 vs 600#
CLUST-EXP-0065,SAIL_Rourkela,SAIL_Rourkela-86679,GLOBE VALVE 250 MM 600# CS WCB FLANGED RF,EA,near_duplicate,GLOBE VALVE,40141600,
CLUST-EXP-0065,BEL,BEL-15496,GLOBE VALVE DN250 PN100 BODY CS WCB,EA,near_duplicate,GLOBE VALVE,40141600,
CLUST-EXP-0065,CPCL,CPCL-78682,GLOBE VALVE 250 MM 600# CS WCB FLANGED RF,EA,near_duplicate,GLOBE VALVE,40141600,
CLUST-EXP-0065,Coal_India_BCCL,Coal_India_BCCL-67436,VALVE GLOBE VALVE FLGD 250 MM ASTM A216 WCB 600#,PCS,near_duplicate,GLOBE VALVE,40141600,
CLUST-EXP-0065,SJVN,SJVN-44124,VALVE GLOBE VALVE FLGD 250 MM ASTM A216 WCB 600#,SET,near_duplicate,GLOBE VALVE,40141600,
CLUST-EXP-0065-CONFLICT,ONGC,ONGC-CONF-7703,GLOBE VALVE 250 MM CLASS 150 CS WCB FLANGED,NOS,incompatible_conflict,GLOBE VALVE,40141600,Pressure Conflict CLASS 150 vs 600#
CLUST-EXP-0066,NMDC,NMDC-40739,CS WCB CHECK VALVE 200 MM CLASS 800 PN140,EA,near_duplicate,CHECK VALVE,40141600,
CLUST-EXP-0066,IOCL,IOCL-64266,CS WCB CHECK VALVE 200 MM CLASS 800 PN140,EA,near_duplicate,CHECK VALVE,40141600,
CLUST-EXP-0066,NTPC,NTPC-69735,CS WCB CHECK VALVE 200 MM CLASS 800 PN140,EA,near_duplicate,CHECK VALVE,40141600,
CLUST-EXP-0066-CONFLICT,GAIL,GAIL-CONF-6283,CHECK VALVE 200 MM CLASS 150 CS WCB FLANGED,NOS,incompatible_conflict,CHECK VALVE,40141600,Pressure Conflict CLASS 150 vs 800#
CLUST-EXP-0067,BHEL_Haridwar,BHEL_Haridwar-65646,SS316 BLIND FLANGE 20 MM CLASS 600 PN100,EA,near_duplicate,BLIND FLANGE,40141700,
CLUST-EXP-0067,POWERGRID,POWERGRID-10060,BLIND FLANGE DN20 PN100 BODY SS316,PCS,near_duplicate,BLIND FLANGE,40141700,
CLUST-EXP-0067,CPCL,CPCL-74088,SS316 BLIND FLANGE 20 MM CLASS 600 PN100,EA,near_duplicate,BLIND FLANGE,40141700,
CLUST-EXP-0067-CONFLICT,OIL_India,OIL_India-CONF-9019,BLIND FLANGE 20 MM CLASS 150 SS316 FLANGED,NOS,incompatible_conflict,BLIND FLANGE,40141700,Pressure Conflict CLASS 150 vs 600#
CLUST-EXP-0068,CPCL,CPCL-95566,BLIND FLANGE 20 MM 600# SS304 FLANGED RF,NOS,near_duplicate,BLIND FLANGE,40141700,
CLUST-EXP-0068,Coal_India_BCCL,Coal_India_BCCL-26716,BLIND FLANGE DN20 PN100 BODY SS304,PCS,near_duplicate,BLIND FLANGE,40141700,
CLUST-EXP-0068,NTPC,NTPC-67354,BLIND FLANGE DN20 PN100 BODY SS304,NOS,near_duplicate,BLIND FLANGE,40141700,
CLUST-EXP-0068,BHEL_Haridwar,BHEL_Haridwar-85786,SS304 BLIND FLANGE 20 MM CLASS 600 PN100,EA,near_duplicate,BLIND FLANGE,40141700,
CLUST-EXP-0068,SAIL_Bokaro,SAIL_Bokaro-53902,SS304 BLIND FLANGE 20 MM CLASS 600 PN100,SET,near_duplicate,BLIND FLANGE,40141700,
CLUST-EXP-0068-CONFLICT,CPCL,CPCL-CONF-7418,BLIND FLANGE 20 MM CLASS 150 SS304 FLANGED,NOS,incompatible_conflict,BLIND FLANGE,40141700,Pressure Conflict CLASS 150 vs 600#
CLUST-EXP-0069,IOCL,IOCL-45103,ALLOY A105 GLOBE VALVE 20 MM CLASS 600 PN100,PCS,near_duplicate,GLOBE VALVE,40141600,
CLUST-EXP-0069,NMDC,NMDC-68414,VALVE GLOBE VALVE FLGD 20 MM ASTM A105 600#,SET,near_duplicate,GLOBE VALVE,40141600,
CLUST-EXP-0069,RINL,RINL-55940,ALLOY A105 GLOBE VALVE 20 MM CLASS 600 PN100,EA,near_duplicate,GLOBE VALVE,40141600,
CLUST-EXP-0069,SJVN,SJVN-54126,GLOBE VALVE DN20 PN100 BODY ALLOY A105,PCS,near_duplicate,GLOBE VALVE,40141600,
CLUST-EXP-0069,BHEL_Haridwar,BHEL_Haridwar-14980,VALVE GLOBE VALVE FLGD 20 MM ASTM A105 600#,SET,near_duplicate,GLOBE VALVE,40141600,
CLUST-EXP-0069-CONFLICT,ONGC,ONGC-CONF-8034,GLOBE VALVE 20 MM CLASS 150 ALLOY A105 FLANGED,NOS,incompatible_conflict,GLOBE VALVE,40141600,Pressure Conflict CLASS 150 vs 600#
CLUST-EXP-0070,CPCL,CPCL-99991,VALVE GLOBE VALVE FLGD 200 MM ASTM A182 F316 150#,NOS,near_duplicate,GLOBE VALVE,40141600,
CLUST-EXP-0070,POWERGRID,POWERGRID-19892,VALVE GLOBE VALVE FLGD 200 MM ASTM A182 F316 150#,EA,near_duplicate,GLOBE VALVE,40141600,
CLUST-EXP-0070,RINL,RINL-62138,VALVE GLOBE VALVE FLGD 200 MM ASTM A182 F316 150#,EA,near_duplicate,GLOBE VALVE,40141600,
CLUST-EXP-0070,NMDC,NMDC-68681,GLOBE VALVE 200 MM 150# SS316 FLANGED RF,PCS,near_duplicate,GLOBE VALVE,40141600,
CLUST-EXP-0070-CONFLICT,GAIL,GAIL-CONF-9805,GLOBE VALVE 200 MM CLASS 300 SS316 FLANGED,NOS,incompatible_conflict,GLOBE VALVE,40141600,Pressure Conflict CLASS 300 vs 150#
CLUST-EXP-0071,SAIL_Bokaro,SAIL_Bokaro-49650,CS WCB BLIND FLANGE 80 MM CLASS 800 PN140,EA,near_duplicate,BLIND FLANGE,40141700,
CLUST-EXP-0071,IOCL,IOCL-62411,BLIND FLANGE 80 MM 800# CS WCB FLANGED RF,PCS,near_duplicate,BLIND FLANGE,40141700,
CLUST-EXP-0071,POWERGRID,POWERGRID-23842,VALVE BLIND FLANGE FLGD 80 MM ASTM A216 WCB 800#,PCS,near_duplicate,BLIND FLANGE,40141700,
CLUST-EXP-0071,Coal_India_ECL,Coal_India_ECL-56704,BLIND FLANGE DN80 PN140 BODY CS WCB,NOS,near_duplicate,BLIND FLANGE,40141700,
CLUST-EXP-0071-CONFLICT,OIL_India,OIL_India-CONF-1137,BLIND FLANGE 80 MM CLASS 150 CS WCB FLANGED,NOS,incompatible_conflict,BLIND FLANGE,40141700,Pressure Conflict CLASS 150 vs 800#
CLUST-EXP-0072,BHEL_Haridwar,BHEL_Haridwar-33276,CHECK VALVE 200 MM 600# ALLOY A105 FLANGED RF,NOS,near_duplicate,CHECK VALVE,40141600,
CLUST-EXP-0072,Coal_India_BCCL,Coal_India_BCCL-87397,ALLOY A105 CHECK VALVE 200 MM CLASS 600 PN100,EA,near_duplicate,CHECK VALVE,40141600,
CLUST-EXP-0072,SAIL_Rourkela,SAIL_Rourkela-47170,VALVE CHECK VALVE FLGD 200 MM ASTM A105 600#,NOS,near_duplicate,CHECK VALVE,40141600,
CLUST-EXP-0072-CONFLICT,OIL_India,OIL_India-CONF-8543,CHECK VALVE 200 MM CLASS 150 ALLOY A105 FLANGED,NOS,incompatible_conflict,CHECK VALVE,40141600,Pressure Conflict CLASS 150 vs 600#
CLUST-EXP-0073,SAIL_Rourkela,SAIL_Rourkela-24262,SS304 BALL VALVE 250 MM CLASS 150 PN20,SET,near_duplicate,BALL VALVE,40141600,
CLUST-EXP-0073,BHEL_Haridwar,BHEL_Haridwar-13768,SS304 BALL VALVE 250 MM CLASS 150 PN20,SET,near_duplicate,BALL VALVE,40141600,
CLUST-EXP-0073,OIL_India,OIL_India-33057,BALL VALVE DN250 PN20 BODY SS304,NOS,near_duplicate,BALL VALVE,40141600,
CLUST-EXP-0073,POWERGRID,POWERGRID-13784,VALVE BALL VALVE FLGD 250 MM ASTM A182 F304 150#,NOS,near_duplicate,BALL VALVE,40141600,
CLUST-EXP-0073,Coal_India_ECL,Coal_India_ECL-59424,BALL VALVE 250 MM 150# SS304 FLANGED RF,SET,near_duplicate,BALL VALVE,40141600,
CLUST-EXP-0073-CONFLICT,OIL_India,OIL_India-CONF-7415,BALL VALVE 250 MM CLASS 300 SS304 FLANGED,NOS,incompatible_conflict,BALL VALVE,40141600,Pressure Conflict CLASS 300 vs 150#
CLUST-EXP-0074,SJVN,SJVN-13100,VALVE CHECK VALVE FLGD 20 MM ASTM A182 F316 300#,NOS,near_duplicate,CHECK VALVE,40141600,
CLUST-EXP-0074,BEL,BEL-10078,CHECK VALVE 20 MM 300# SS316 FLANGED RF,EA,near_duplicate,CHECK VALVE,40141600,
CLUST-EXP-0074,CPCL,CPCL-49441,CHECK VALVE 20 MM 300# SS316 FLANGED RF,NOS,near_duplicate,CHECK VALVE,40141600,
CLUST-EXP-0074,Coal_India_BCCL,Coal_India_BCCL-79519,SS316 CHECK VALVE 20 MM CLASS 300 PN50,PCS,near_duplicate,CHECK VALVE,40141600,
CLUST-EXP-0074-CONFLICT,CPCL,CPCL-CONF-3041,CHECK VALVE 20 MM CLASS 150 SS316 FLANGED,NOS,incompatible_conflict,CHECK VALVE,40141600,Pressure Conflict CLASS 150 vs 300#
CLUST-EXP-0075,SAIL_Bhilai,SAIL_Bhilai-64710,VALVE CHECK VALVE FLGD 150 MM ASTM A182 F316 800#,SET,near_duplicate,CHECK VALVE,40141600,
CLUST-EXP-0075,NTPC,NTPC-76129,VALVE CHECK VALVE FLGD 150 MM ASTM A182 F316 800#,SET,near_duplicate,CHECK VALVE,40141600,
CLUST-EXP-0075,BHEL_Haridwar,BHEL_Haridwar-42067,CHECK VALVE 150 MM 800# SS316 FLANGED RF,SET,near_duplicate,CHECK VALVE,40141600,
CLUST-EXP-0075,Coal_India_BCCL,Coal_India_BCCL-21261,SS316 CHECK VALVE 150 MM CLASS 800 PN140,SET,near_duplicate,CHECK VALVE,40141600,
CLUST-EXP-0075,IOCL,IOCL-71580,CHECK VALVE DN150 PN140 BODY SS316,EA,near_duplicate,CHECK VALVE,40141600,
CLUST-EXP-0075-CONFLICT,IOCL,IOCL-CONF-6737,CHECK VALVE 150 MM CLASS 150 SS316 FLANGED,NOS,incompatible_conflict,CHECK VALVE,40141600,Pressure Conflict CLASS 150 vs 800#
CLUST-EXP-0076,NHPC,NHPC-56855,BALL VALVE 200 MM 150# SS316 FLANGED RF,EA,near_duplicate,BALL VALVE,40141600,
CLUST-EXP-0076,BHEL_Trichy,BHEL_Trichy-73694,BALL VALVE 200 MM 150# SS316 FLANGED RF,SET,near_duplicate,BALL VALVE,40141600,
CLUST-EXP-0076,GAIL,GAIL-23110,BALL VALVE DN200 PN20 BODY SS316,NOS,near_duplicate,BALL VALVE,40141600,
CLUST-EXP-0076,Coal_India_ECL,Coal_India_ECL-24065,VALVE BALL VALVE FLGD 200 MM ASTM A182 F316 150#,EA,near_duplicate,BALL VALVE,40141600,
CLUST-EXP-0076-CONFLICT,CPCL,CPCL-CONF-2138,BALL VALVE 200 MM CLASS 300 SS316 FLANGED,NOS,incompatible_conflict,BALL VALVE,40141600,Pressure Conflict CLASS 300 vs 150#
CLUST-EXP-0077,Coal_India_BCCL,Coal_India_BCCL-45813,BALL VALVE DN80 PN20 BODY SS304,EA,near_duplicate,BALL VALVE,40141600,
CLUST-EXP-0077,ONGC,ONGC-16837,BALL VALVE DN80 PN20 BODY SS304,SET,near_duplicate,BALL VALVE,40141600,
CLUST-EXP-0077,BHEL_Trichy,BHEL_Trichy-10992,SS304 BALL VALVE 80 MM CLASS 150 PN20,NOS,near_duplicate,BALL VALVE,40141600,
CLUST-EXP-0077,SAIL_Rourkela,SAIL_Rourkela-23406,BALL VALVE 80 MM 150# SS304 FLANGED RF,EA,near_duplicate,BALL VALVE,40141600,
CLUST-EXP-0077-CONFLICT,OIL_India,OIL_India-CONF-4223,BALL VALVE 80 MM CLASS 300 SS304 FLANGED,NOS,incompatible_conflict,BALL VALVE,40141600,Pressure Conflict CLASS 300 vs 150#
CLUST-EXP-0078,GAIL,GAIL-52909,SS316 WELD NECK FLANGE 100 MM CLASS 600 PN100,NOS,near_duplicate,WELD NECK FLANGE,40141700,
CLUST-EXP-0078,NMDC,NMDC-40360,WELD NECK FLANGE DN100 PN100 BODY SS316,EA,near_duplicate,WELD NECK FLANGE,40141700,
CLUST-EXP-0078,SAIL_Rourkela,SAIL_Rourkela-21000,VALVE WELD NECK FLANGE FLGD 100 MM ASTM A182 F316 600#,NOS,near_duplicate,WELD NECK FLANGE,40141700,
CLUST-EXP-0078,BHEL_Haridwar,BHEL_Haridwar-71195,SS316 WELD NECK FLANGE 100 MM CLASS 600 PN100,PCS,near_duplicate,WELD NECK FLANGE,40141700,
CLUST-EXP-0078,POWERGRID,POWERGRID-30555,WELD NECK FLANGE 100 MM 600# SS316 FLANGED RF,PCS,near_duplicate,WELD NECK FLANGE,40141700,
CLUST-EXP-0078-CONFLICT,ONGC,ONGC-CONF-2401,WELD NECK FLANGE 100 MM CLASS 150 SS316 FLANGED,NOS,incompatible_conflict,WELD NECK FLANGE,40141700,Pressure Conflict CLASS 150 vs 600#
CLUST-EXP-0079,RINL,RINL-55754,VALVE BALL VALVE FLGD 150 MM ASTM A182 F304 150#,PCS,near_duplicate,BALL VALVE,40141600,
CLUST-EXP-0079,BHEL_Trichy,BHEL_Trichy-23145,VALVE BALL VALVE FLGD 150 MM ASTM A182 F304 150#,EA,near_duplicate,BALL VALVE,40141600,
CLUST-EXP-0079,NMDC,NMDC-76082,SS304 BALL VALVE 150 MM CLASS 150 PN20,EA,near_duplicate,BALL VALVE,40141600,
CLUST-EXP-0079,GAIL,GAIL-84375,BALL VALVE DN150 PN20 BODY SS304,PCS,near_duplicate,BALL VALVE,40141600,
CLUST-EXP-0079,NHPC,NHPC-73967,VALVE BALL VALVE FLGD 150 MM ASTM A182 F304 150#,SET,near_duplicate,BALL VALVE,40141600,
CLUST-EXP-0079-CONFLICT,CPCL,CPCL-CONF-3552,BALL VALVE 150 MM CLASS 300 SS304 FLANGED,NOS,incompatible_conflict,BALL VALVE,40141600,Pressure Conflict CLASS 300 vs 150#
CLUST-EXP-0080,BEL,BEL-70685,VALVE WELD NECK FLANGE FLGD 40 MM ASTM A216 WCB 800#,NOS,near_duplicate,WELD NECK FLANGE,40141700,
CLUST-EXP-0080,OIL_India,OIL_India-42665,VALVE WELD NECK FLANGE FLGD 40 MM ASTM A216 WCB 800#,EA,near_duplicate,WELD NECK FLANGE,40141700,
CLUST-EXP-0080,SJVN,SJVN-82011,CS WCB WELD NECK FLANGE 40 MM CLASS 800 PN140,EA,near_duplicate,WELD NECK FLANGE,40141700,
CLUST-EXP-0080-CONFLICT,GAIL,GAIL-CONF-5866,WELD NECK FLANGE 40 MM CLASS 150 CS WCB FLANGED,NOS,incompatible_conflict,WELD NECK FLANGE,40141700,Pressure Conflict CLASS 150 vs 800#
CLUST-EXP-0081,NHPC,NHPC-91728,BLIND FLANGE DN25 PN50 BODY SS316,PCS,near_duplicate,BLIND FLANGE,40141700,
CLUST-EXP-0081,GAIL,GAIL-59634,BLIND FLANGE 25 MM 300# SS316 FLANGED RF,SET,near_duplicate,BLIND FLANGE,40141700,
CLUST-EXP-0081,BEL,BEL-29939,BLIND FLANGE DN25 PN50 BODY SS316,SET,near_duplicate,BLIND FLANGE,40141700,
CLUST-EXP-0081,NMDC,NMDC-65317,BLIND FLANGE DN25 PN50 BODY SS316,SET,near_duplicate,BLIND FLANGE,40141700,
CLUST-EXP-0081,SAIL_Bokaro,SAIL_Bokaro-66901,BLIND FLANGE 25 MM 300# SS316 FLANGED RF,SET,near_duplicate,BLIND FLANGE,40141700,
CLUST-EXP-0081-CONFLICT,CPCL,CPCL-CONF-4154,BLIND FLANGE 25 MM CLASS 150 SS316 FLANGED,NOS,incompatible_conflict,BLIND FLANGE,40141700,Pressure Conflict CLASS 150 vs 300#
CLUST-EXP-0082,GAIL,GAIL-50760,BLIND FLANGE 50 MM 300# SS316 FLANGED RF,PCS,near_duplicate,BLIND FLANGE,40141700,
CLUST-EXP-0082,SAIL_Bhilai,SAIL_Bhilai-11860,BLIND FLANGE DN50 PN50 BODY SS316,PCS,near_duplicate,BLIND FLANGE,40141700,
CLUST-EXP-0082,BHEL_Haridwar,BHEL_Haridwar-83546,BLIND FLANGE DN50 PN50 BODY SS316,NOS,near_duplicate,BLIND FLANGE,40141700,
CLUST-EXP-0082-CONFLICT,OIL_India,OIL_India-CONF-3058,BLIND FLANGE 50 MM CLASS 150 SS316 FLANGED,NOS,incompatible_conflict,BLIND FLANGE,40141700,Pressure Conflict CLASS 150 vs 300#
CLUST-EXP-0083,Coal_India_ECL,Coal_India_ECL-33935,BALL VALVE DN20 PN100 BODY CS WCB,NOS,near_duplicate,BALL VALVE,40141600,
CLUST-EXP-0083,POWERGRID,POWERGRID-30532,BALL VALVE 20 MM 600# CS WCB FLANGED RF,NOS,near_duplicate,BALL VALVE,40141600,
CLUST-EXP-0083,RINL,RINL-99119,VALVE BALL VALVE FLGD 20 MM ASTM A216 WCB 600#,PCS,near_duplicate,BALL VALVE,40141600,
CLUST-EXP-0083-CONFLICT,IOCL,IOCL-CONF-9901,BALL VALVE 20 MM CLASS 150 CS WCB FLANGED,NOS,incompatible_conflict,BALL VALVE,40141600,Pressure Conflict CLASS 150 vs 600#
CLUST-EXP-0084,SAIL_Bokaro,SAIL_Bokaro-95266,BALL VALVE DN250 PN20 BODY ALLOY A105,EA,near_duplicate,BALL VALVE,40141600,
CLUST-EXP-0084,NTPC,NTPC-40977,ALLOY A105 BALL VALVE 250 MM CLASS 150 PN20,SET,near_duplicate,BALL VALVE,40141600,
CLUST-EXP-0084,OIL_India,OIL_India-81360,VALVE BALL VALVE FLGD 250 MM ASTM A105 150#,EA,near_duplicate,BALL VALVE,40141600,
CLUST-EXP-0084-CONFLICT,OIL_India,OIL_India-CONF-3259,BALL VALVE 250 MM CLASS 300 ALLOY A105 FLANGED,NOS,incompatible_conflict,BALL VALVE,40141600,Pressure Conflict CLASS 300 vs 150#
CLUST-EXP-0085,BEL,BEL-36768,CS WCB CHECK VALVE 200 MM CLASS 300 PN50,SET,near_duplicate,CHECK VALVE,40141600,
CLUST-EXP-0085,CPCL,CPCL-17225,VALVE CHECK VALVE FLGD 200 MM ASTM A216 WCB 300#,EA,near_duplicate,CHECK VALVE,40141600,
CLUST-EXP-0085,RINL,RINL-16592,CHECK VALVE 200 MM 300# CS WCB FLANGED RF,SET,near_duplicate,CHECK VALVE,40141600,
CLUST-EXP-0085,POWERGRID,POWERGRID-32013,CHECK VALVE 200 MM 300# CS WCB FLANGED RF,EA,near_duplicate,CHECK VALVE,40141600,
CLUST-EXP-0085,Coal_India_ECL,Coal_India_ECL-79062,CHECK VALVE 200 MM 300# CS WCB FLANGED RF,NOS,near_duplicate,CHECK VALVE,40141600,
CLUST-EXP-0085-CONFLICT,ONGC,ONGC-CONF-1770,CHECK VALVE 200 MM CLASS 150 CS WCB FLANGED,NOS,incompatible_conflict,CHECK VALVE,40141600,Pressure Conflict CLASS 150 vs 300#
CLUST-EXP-0086,NTPC,NTPC-45166,BALL VALVE DN250 PN20 BODY ALLOY A105,PCS,near_duplicate,BALL VALVE,40141600,
CLUST-EXP-0086,RINL,RINL-93191,BALL VALVE 250 MM 150# ALLOY A105 FLANGED RF,PCS,near_duplicate,BALL VALVE,40141600,
CLUST-EXP-0086,ONGC,ONGC-72837,ALLOY A105 BALL VALVE 250 MM CLASS 150 PN20,EA,near_duplicate,BALL VALVE,40141600,
CLUST-EXP-0086,BEL,BEL-61840,BALL VALVE DN250 PN20 BODY ALLOY A105,SET,near_duplicate,BALL VALVE,40141600,
CLUST-EXP-0086,Coal_India_ECL,Coal_India_ECL-55532,BALL VALVE DN250 PN20 BODY ALLOY A105,PCS,near_duplicate,BALL VALVE,40141600,
CLUST-EXP-0086-CONFLICT,CPCL,CPCL-CONF-7856,BALL VALVE 250 MM CLASS 300 ALLOY A105 FLANGED,NOS,incompatible_conflict,BALL VALVE,40141600,Pressure Conflict CLASS 300 vs 150#
CLUST-EXP-0087,BEL,BEL-23120,BALL VALVE DN20 PN140 BODY SS316,NOS,near_duplicate,BALL VALVE,40141600,
CLUST-EXP-0087,GAIL,GAIL-19024,SS316 BALL VALVE 20 MM CLASS 800 PN140,NOS,near_duplicate,BALL VALVE,40141600,
CLUST-EXP-0087,NMDC,NMDC-53316,SS316 BALL VALVE 20 MM CLASS 800 PN140,PCS,near_duplicate,BALL VALVE,40141600,
CLUST-EXP-0087,SJVN,SJVN-68392,BALL VALVE DN20 PN140 BODY SS316,NOS,near_duplicate,BALL VALVE,40141600,
CLUST-EXP-0087,SAIL_Bokaro,SAIL_Bokaro-50916,BALL VALVE DN20 PN140 BODY SS316,NOS,near_duplicate,BALL VALVE,40141600,
CLUST-EXP-0087-CONFLICT,GAIL,GAIL-CONF-8527,BALL VALVE 20 MM CLASS 150 SS316 FLANGED,NOS,incompatible_conflict,BALL VALVE,40141600,Pressure Conflict CLASS 150 vs 800#
CLUST-EXP-0088,Coal_India_ECL,Coal_India_ECL-70581,VALVE BALL VALVE FLGD 200 MM ASTM A105 800#,EA,near_duplicate,BALL VALVE,40141600,
CLUST-EXP-0088,SAIL_Bokaro,SAIL_Bokaro-83662,VALVE BALL VALVE FLGD 200 MM ASTM A105 800#,NOS,near_duplicate,BALL VALVE,40141600,
CLUST-EXP-0088,ONGC,ONGC-50772,VALVE BALL VALVE FLGD 200 MM ASTM A105 800#,EA,near_duplicate,BALL VALVE,40141600,
CLUST-EXP-0088-CONFLICT,ONGC,ONGC-CONF-3909,BALL VALVE 200 MM CLASS 150 ALLOY A105 FLANGED,NOS,incompatible_conflict,BALL VALVE,40141600,Pressure Conflict CLASS 150 vs 800#
CLUST-EXP-0089,SAIL_Bokaro,SAIL_Bokaro-30583,BALL VALVE DN15 PN20 BODY CS WCB,SET,near_duplicate,BALL VALVE,40141600,
CLUST-EXP-0089,POWERGRID,POWERGRID-39892,BALL VALVE 15 MM 150# CS WCB FLANGED RF,PCS,near_duplicate,BALL VALVE,40141600,
CLUST-EXP-0089,BEL,BEL-14606,VALVE BALL VALVE FLGD 15 MM ASTM A216 WCB 150#,EA,near_duplicate,BALL VALVE,40141600,
CLUST-EXP-0089,OIL_India,OIL_India-61286,BALL VALVE DN15 PN20 BODY CS WCB,PCS,near_duplicate,BALL VALVE,40141600,
CLUST-EXP-0089,Coal_India_ECL,Coal_India_ECL-52617,VALVE BALL VALVE FLGD 15 MM ASTM A216 WCB 150#,SET,near_duplicate,BALL VALVE,40141600,
CLUST-EXP-0089-CONFLICT,OIL_India,OIL_India-CONF-6922,BALL VALVE 15 MM CLASS 300 CS WCB FLANGED,NOS,incompatible_conflict,BALL VALVE,40141600,Pressure Conflict CLASS 300 vs 150#
CLUST-EXP-0090,NMDC,NMDC-76842,WELD NECK FLANGE DN150 PN140 BODY CS WCB,PCS,near_duplicate,WELD NECK FLANGE,40141700,
CLUST-EXP-0090,RINL,RINL-56514,VALVE WELD NECK FLANGE FLGD 150 MM ASTM A216 WCB 800#,SET,near_duplicate,WELD NECK FLANGE,40141700,
CLUST-EXP-0090,NTPC,NTPC-90709,CS WCB WELD NECK FLANGE 150 MM CLASS 800 PN140,SET,near_duplicate,WELD NECK FLANGE,40141700,
CLUST-EXP-0090,BHEL_Haridwar,BHEL_Haridwar-52600,WELD NECK FLANGE 150 MM 800# CS WCB FLANGED RF,SET,near_duplicate,WELD NECK FLANGE,40141700,
CLUST-EXP-0090-CONFLICT,IOCL,IOCL-CONF-2212,WELD NECK FLANGE 150 MM CLASS 150 CS WCB FLANGED,NOS,incompatible_conflict,WELD NECK FLANGE,40141700,Pressure Conflict CLASS 150 vs 800#
CLUST-EXP-0091,SJVN,SJVN-21514,WELD NECK FLANGE 200 MM 800# ALLOY A105 FLANGED RF,SET,near_duplicate,WELD NECK FLANGE,40141700,
CLUST-EXP-0091,Coal_India_ECL,Coal_India_ECL-45245,WELD NECK FLANGE DN200 PN140 BODY ALLOY A105,SET,near_duplicate,WELD NECK FLANGE,40141700,
CLUST-EXP-0091,GAIL,GAIL-71401,VALVE WELD NECK FLANGE FLGD 200 MM ASTM A105 800#,EA,near_duplicate,WELD NECK FLANGE,40141700,
CLUST-EXP-0091-CONFLICT,CPCL,CPCL-CONF-5219,WELD NECK FLANGE 200 MM CLASS 150 ALLOY A105 FLANGED,NOS,incompatible_conflict,WELD NECK FLANGE,40141700,Pressure Conflict CLASS 150 vs 800#
CLUST-EXP-0092,ONGC,ONGC-78917,CS WCB BALL VALVE 25 MM CLASS 600 PN100,SET,near_duplicate,BALL VALVE,40141600,
CLUST-EXP-0092,BHEL_Haridwar,BHEL_Haridwar-57440,BALL VALVE 25 MM 600# CS WCB FLANGED RF,SET,near_duplicate,BALL VALVE,40141600,
CLUST-EXP-0092,POWERGRID,POWERGRID-38347,CS WCB BALL VALVE 25 MM CLASS 600 PN100,PCS,near_duplicate,BALL VALVE,40141600,
CLUST-EXP-0092-CONFLICT,GAIL,GAIL-CONF-8744,BALL VALVE 25 MM CLASS 150 CS WCB FLANGED,NOS,incompatible_conflict,BALL VALVE,40141600,Pressure Conflict CLASS 150 vs 600#
CLUST-EXP-0093,NHPC,NHPC-11287,CHECK VALVE 80 MM 300# SS316 FLANGED RF,SET,near_duplicate,CHECK VALVE,40141600,
CLUST-EXP-0093,SAIL_Rourkela,SAIL_Rourkela-49137,VALVE CHECK VALVE FLGD 80 MM ASTM A182 F316 300#,EA,near_duplicate,CHECK VALVE,40141600,
CLUST-EXP-0093,BHEL_Trichy,BHEL_Trichy-76496,SS316 CHECK VALVE 80 MM CLASS 300 PN50,PCS,near_duplicate,CHECK VALVE,40141600,
CLUST-EXP-0093-CONFLICT,ONGC,ONGC-CONF-8917,CHECK VALVE 80 MM CLASS 150 SS316 FLANGED,NOS,incompatible_conflict,CHECK VALVE,40141600,Pressure Conflict CLASS 150 vs 300#
CLUST-EXP-0094,ONGC,ONGC-37912,GLOBE VALVE DN80 PN100 BODY SS316,EA,near_duplicate,GLOBE VALVE,40141600,
CLUST-EXP-0094,NHPC,NHPC-33080,VALVE GLOBE VALVE FLGD 80 MM ASTM A182 F316 600#,NOS,near_duplicate,GLOBE VALVE,40141600,
CLUST-EXP-0094,BHEL_Trichy,BHEL_Trichy-37908,GLOBE VALVE 80 MM 600# SS316 FLANGED RF,SET,near_duplicate,GLOBE VALVE,40141600,
CLUST-EXP-0094,Coal_India_ECL,Coal_India_ECL-20826,GLOBE VALVE DN80 PN100 BODY SS316,EA,near_duplicate,GLOBE VALVE,40141600,
CLUST-EXP-0094-CONFLICT,ONGC,ONGC-CONF-3763,GLOBE VALVE 80 MM CLASS 150 SS316 FLANGED,NOS,incompatible_conflict,GLOBE VALVE,40141600,Pressure Conflict CLASS 150 vs 600#
CLUST-EXP-0095,IOCL,IOCL-52044,VALVE WELD NECK FLANGE FLGD 25 MM ASTM A216 WCB 150#,NOS,near_duplicate,WELD NECK FLANGE,40141700,
CLUST-EXP-0095,NMDC,NMDC-74753,WELD NECK FLANGE 25 MM 150# CS WCB FLANGED RF,EA,near_duplicate,WELD NECK FLANGE,40141700,
CLUST-EXP-0095,SJVN,SJVN-80477,CS WCB WELD NECK FLANGE 25 MM CLASS 150 PN20,SET,near_duplicate,WELD NECK FLANGE,40141700,
CLUST-EXP-0095,SAIL_Bokaro,SAIL_Bokaro-76729,VALVE WELD NECK FLANGE FLGD 25 MM ASTM A216 WCB 150#,SET,near_duplicate,WELD NECK FLANGE,40141700,
CLUST-EXP-0095,BEL,BEL-11347,WELD NECK FLANGE 25 MM 150# CS WCB FLANGED RF,NOS,near_duplicate,WELD NECK FLANGE,40141700,
CLUST-EXP-0095-CONFLICT,OIL_India,OIL_India-CONF-3205,WELD NECK FLANGE 25 MM CLASS 300 CS WCB FLANGED,NOS,incompatible_conflict,WELD NECK FLANGE,40141700,Pressure Conflict CLASS 300 vs 150#
CLUST-EXP-0096,BEL,BEL-24751,ALLOY A105 WELD NECK FLANGE 50 MM CLASS 800 PN140,SET,near_duplicate,WELD NECK FLANGE,40141700,
CLUST-EXP-0096,IOCL,IOCL-83827,ALLOY A105 WELD NECK FLANGE 50 MM CLASS 800 PN140,PCS,near_duplicate,WELD NECK FLANGE,40141700,
CLUST-EXP-0096,SAIL_Bhilai,SAIL_Bhilai-90841,VALVE WELD NECK FLANGE FLGD 50 MM ASTM A105 800#,NOS,near_duplicate,WELD NECK FLANGE,40141700,
CLUST-EXP-0096,NHPC,NHPC-78835,ALLOY A105 WELD NECK FLANGE 50 MM CLASS 800 PN140,SET,near_duplicate,WELD NECK FLANGE,40141700,
CLUST-EXP-0096-CONFLICT,ONGC,ONGC-CONF-2567,WELD NECK FLANGE 50 MM CLASS 150 ALLOY A105 FLANGED,NOS,incompatible_conflict,WELD NECK FLANGE,40141700,Pressure Conflict CLASS 150 vs 800#
CLUST-EXP-0097,Coal_India_BCCL,Coal_India_BCCL-57166,VALVE GLOBE VALVE FLGD 40 MM ASTM A182 F304 800#,NOS,near_duplicate,GLOBE VALVE,40141600,
CLUST-EXP-0097,BEL,BEL-78390,SS304 GLOBE VALVE 40 MM CLASS 800 PN140,SET,near_duplicate,GLOBE VALVE,40141600,
CLUST-EXP-0097,RINL,RINL-89271,SS304 GLOBE VALVE 40 MM CLASS 800 PN140,EA,near_duplicate,GLOBE VALVE,40141600,
CLUST-EXP-0097,GAIL,GAIL-17412,GLOBE VALVE DN40 PN140 BODY SS304,EA,near_duplicate,GLOBE VALVE,40141600,
CLUST-EXP-0097-CONFLICT,ONGC,ONGC-CONF-6540,GLOBE VALVE 40 MM CLASS 150 SS304 FLANGED,NOS,incompatible_conflict,GLOBE VALVE,40141600,Pressure Conflict CLASS 150 vs 800#
CLUST-EXP-0098,RINL,RINL-98184,SS316 BALL VALVE 50 MM CLASS 600 PN100,EA,near_duplicate,BALL VALVE,40141600,
CLUST-EXP-0098,Coal_India_ECL,Coal_India_ECL-22620,VALVE BALL VALVE FLGD 50 MM ASTM A182 F316 600#,SET,near_duplicate,BALL VALVE,40141600,
CLUST-EXP-0098,BHEL_Haridwar,BHEL_Haridwar-49512,BALL VALVE 50 MM 600# SS316 FLANGED RF,NOS,near_duplicate,BALL VALVE,40141600,
CLUST-EXP-0098-CONFLICT,GAIL,GAIL-CONF-9312,BALL VALVE 50 MM CLASS 150 SS316 FLANGED,NOS,incompatible_conflict,BALL VALVE,40141600,Pressure Conflict CLASS 150 vs 600#
CLUST-EXP-0099,BHEL_Haridwar,BHEL_Haridwar-67158,CS WCB GLOBE VALVE 150 MM CLASS 800 PN140,SET,near_duplicate,GLOBE VALVE,40141600,
CLUST-EXP-0099,CPCL,CPCL-79450,CS WCB GLOBE VALVE 150 MM CLASS 800 PN140,PCS,near_duplicate,GLOBE VALVE,40141600,
CLUST-EXP-0099,Coal_India_ECL,Coal_India_ECL-51846,GLOBE VALVE 150 MM 800# CS WCB FLANGED RF,SET,near_duplicate,GLOBE VALVE,40141600,
CLUST-EXP-0099-CONFLICT,ONGC,ONGC-CONF-3131,GLOBE VALVE 150 MM CLASS 150 CS WCB FLANGED,NOS,incompatible_conflict,GLOBE VALVE,40141600,Pressure Conflict CLASS 150 vs 800#
CLUST-EXP-0100,SAIL_Bokaro,SAIL_Bokaro-18067,CHECK VALVE DN100 PN20 BODY ALLOY A105,SET,near_duplicate,CHECK VALVE,40141600,
CLUST-EXP-0100,BHEL_Trichy,BHEL_Trichy-28056,CHECK VALVE DN100 PN20 BODY ALLOY A105,EA,near_duplicate,CHECK VALVE,40141600,
CLUST-EXP-0100,NMDC,NMDC-75492,VALVE CHECK VALVE FLGD 100 MM ASTM A105 150#,EA,near_duplicate,CHECK VALVE,40141600,
CLUST-EXP-0100-CONFLICT,OIL_India,OIL_India-CONF-2444,CHECK VALVE 100 MM CLASS 300 ALLOY A105 FLANGED,NOS,incompatible_conflict,CHECK VALVE,40141600,Pressure Conflict CLASS 300 vs 150#
CLUST-EXP-0101,BEL,BEL-12547,GLOBE VALVE 50 MM 800# ALLOY A105 FLANGED RF,PCS,near_duplicate,GLOBE VALVE,40141600,
CLUST-EXP-0101,SAIL_Bhilai,SAIL_Bhilai-58352,GLOBE VALVE 50 MM 800# ALLOY A105 FLANGED RF,NOS,near_duplicate,GLOBE VALVE,40141600,
CLUST-EXP-0101,NMDC,NMDC-73116,ALLOY A105 GLOBE VALVE 50 MM CLASS 800 PN140,SET,near_duplicate,GLOBE VALVE,40141600,
CLUST-EXP-0101,ONGC,ONGC-90965,ALLOY A105 GLOBE VALVE 50 MM CLASS 800 PN140,EA,near_duplicate,GLOBE VALVE,40141600,
CLUST-EXP-0101,POWERGRID,POWERGRID-87190,GLOBE VALVE DN50 PN140 BODY ALLOY A105,SET,near_duplicate,GLOBE VALVE,40141600,
CLUST-EXP-0101-CONFLICT,ONGC,ONGC-CONF-3924,GLOBE VALVE 50 MM CLASS 150 ALLOY A105 FLANGED,NOS,incompatible_conflict,GLOBE VALVE,40141600,Pressure Conflict CLASS 150 vs 800#
CLUST-EXP-0102,NMDC,NMDC-39930,VALVE BALL VALVE FLGD 40 MM ASTM A216 WCB 800#,EA,near_duplicate,BALL VALVE,40141600,
CLUST-EXP-0102,NHPC,NHPC-84921,VALVE BALL VALVE FLGD 40 MM ASTM A216 WCB 800#,PCS,near_duplicate,BALL VALVE,40141600,
CLUST-EXP-0102,RINL,RINL-17706,VALVE BALL VALVE FLGD 40 MM ASTM A216 WCB 800#,EA,near_duplicate,BALL VALVE,40141600,
CLUST-EXP-0102-CONFLICT,ONGC,ONGC-CONF-4556,BALL VALVE 40 MM CLASS 150 CS WCB FLANGED,NOS,incompatible_conflict,BALL VALVE,40141600,Pressure Conflict CLASS 150 vs 800#
