pair_id,canonical_id,material_id_original,material_id_mutated,changed_attribute,original_value,mutated_value,expected_relation,difficulty
CF-PR-0001,CAN-001,MAT-0002,MAT-CF-0001,pressure_class,Class 150,Class 300,VARIANT_OF,HARD
CF-PR-0002,CAN-002,MAT-0006,MAT-CF-0002,pressure_class,Class 150,Class 300,VARIANT_OF,HARD
CF-PR-0003,CAN-002,MAT-0011,MAT-CF-0003,pressure_class,Class 150,Class 300,VARIANT_OF,HARD
CF-PR-0004,CAN-005,MAT-0022,MAT-CF-0004,pressure_class,Class 600,Class 600X,VARIANT_OF,HARD
CF-PR-0005,CAN-006,MAT-0027,MAT-CF-0005,pressure_class,Class 600,Class 600X,VARIANT_OF,HARD
CF-PR-0006,CAN-008,MAT-0042,MAT-CF-0006,pressure_class,Class 300,Class 300X,VARIANT_OF,HARD
CF-PR-0007,CAN-008,MAT-0045,MAT-CF-0007,pressure_class,Class 300,Class 300X,VARIANT_OF,HARD
CF-PR-0008,CAN-009,MAT-0046,MAT-CF-0008,pressure_class,Class 300,Class 300X,VARIANT_OF,HARD
CF-PR-0009,CAN-011,MAT-0053,MAT-CF-0009,pressure_class,Class 600,Class 600X,VARIANT_OF,HARD
CF-PR-0010,CAN-013,MAT-0067,MAT-CF-0010,pressure_class,Class 300,Class 300X,VARIANT_OF,HARD
CF-PR-0011,CAN-014,MAT-0070,MAT-CF-0011,pressure_class,Class 600,Class 600X,VARIANT_OF,HARD
CF-PR-0012,CAN-015,MAT-0071,MAT-CF-0012,pressure_class,Class 600,Class 600X,VARIANT_OF,HARD
CF-PR-0013,CAN-015,MAT-0072,MAT-CF-0013,pressure_class,Class 600,Class 600X,VARIANT_OF,HARD
CF-PR-0014,CAN-016,MAT-0079,MAT-CF-0014,nominal_size,DN50,DN50X,VARIANT_OF,HARD
CF-PR-0015,CAN-016,MAT-0081,MAT-CF-0015,nominal_size,DN50,DN50X,VARIANT_OF,HARD
CF-PR-0016,CAN-016,MAT-0084,MAT-CF-0016,nominal_size,DN50,DN50X,VARIANT_OF,HARD
CF-PR-0017,CAN-017,MAT-0087,MAT-CF-0017,nominal_size,DN100,DN150,VARIANT_OF,HARD
CF-PR-0018,CAN-017,MAT-0089,MAT-CF-0018,nominal_size,DN100,DN150,VARIANT_OF,HARD
CF-PR-0019,CAN-018,MAT-0093,MAT-CF-0019,nominal_size,DN100,DN150,VARIANT_OF,HARD
CF-PR-0020,CAN-018,MAT-0094,MAT-CF-0020,nominal_size,DN100,DN150,VARIANT_OF,HARD
CF-PR-0021,CAN-018,MAT-0097,MAT-CF-0021,nominal_size,DN100,DN150,VARIANT_OF,HARD
CF-PR-0022,CAN-019,MAT-0102,MAT-CF-0022,nominal_size,DN100,DN150,VARIANT_OF,HARD
CF-PR-0023,CAN-020,MAT-0104,MAT-CF-0023,nominal_size,DN50,DN50X,VARIANT_OF,HARD
CF-PR-0024,CAN-021,MAT-0107,MAT-CF-0024,nominal_size,DN200,DN200X,VARIANT_OF,HARD
CF-PR-0025,CAN-022,MAT-0112,MAT-CF-0025,nominal_size,DN50,DN50X,VARIANT_OF,HARD
CF-PR-0026,CAN-023,MAT-0114,MAT-CF-0026,nominal_size,DN200,DN200X,VARIANT_OF,HARD
CF-PR-0027,CAN-023,MAT-0115,MAT-CF-0027,nominal_size,DN200,DN200X,VARIANT_OF,HARD
CF-PR-0028,CAN-024,MAT-0124,MAT-CF-0028,nominal_size,DN200,DN200X,VARIANT_OF,HARD
CF-PR-0029,CAN-024,MAT-0125,MAT-CF-0029,nominal_size,DN200,DN200X,VARIANT_OF,HARD
CF-PR-0030,CAN-024,MAT-0126,MAT-CF-0030,nominal_size,DN200,DN200X,VARIANT_OF,HARD
CF-PR-0031,CAN-026,MAT-0131,MAT-CF-0031,nominal_size,DN200,DN200X,VARIANT_OF,HARD
CF-PR-0032,CAN-026,MAT-0133,MAT-CF-0032,nominal_size,DN200,DN200X,VARIANT_OF,HARD
CF-PR-0033,CAN-027,MAT-0139,MAT-CF-0033,nominal_size,DN100,DN150,VARIANT_OF,HARD
CF-PR-0034,CAN-027,MAT-0140,MAT-CF-0034,nominal_size,DN100,DN150,VARIANT_OF,HARD
CF-PR-0035,CAN-028,MAT-0142,MAT-CF-0035,nominal_size,DN50,DN50X,VARIANT_OF,HARD
CF-PR-0036,CAN-028,MAT-0145,MAT-CF-0036,nominal_size,DN50,DN50X,VARIANT_OF,HARD
CF-PR-0037,CAN-028,MAT-0149,MAT-CF-0037,nominal_size,DN50,DN50X,VARIANT_OF,HARD
CF-PR-0038,CAN-030,MAT-0153,MAT-CF-0038,nominal_size,DN100,DN150,VARIANT_OF,HARD
CF-PR-0039,CAN-031,MAT-0163,MAT-CF-0039,grade,B7,B7X,VARIANT_OF,HARD
CF-PR-0040,CAN-032,MAT-0170,MAT-CF-0040,grade,10.9,10.9X,VARIANT_OF,HARD
CF-PR-0041,CAN-035,MAT-0185,MAT-CF-0041,grade,10.9,10.9X,VARIANT_OF,HARD
CF-PR-0042,CAN-037,MAT-0196,MAT-CF-0042,grade,8.8,8.8X,VARIANT_OF,HARD
CF-PR-0043,CAN-037,MAT-0197,MAT-CF-0043,grade,8.8,8.8X,VARIANT_OF,HARD
CF-PR-0044,CAN-038,MAT-0203,MAT-CF-0044,grade,B7,B7X,VARIANT_OF,HARD
CF-PR-0045,CAN-039,MAT-0205,MAT-CF-0045,grade,B7,B7X,VARIANT_OF,HARD
CF-PR-0046,CAN-039,MAT-0206,MAT-CF-0046,grade,B7,B7X,VARIANT_OF,HARD
CF-PR-0047,CAN-040,MAT-0211,MAT-CF-0047,grade,8.8,8.8X,VARIANT_OF,HARD
CF-PR-0048,CAN-041,MAT-0216,MAT-CF-0048,voltage,11 kV,11 kVX,VARIANT_OF,HARD
CF-PR-0049,CAN-041,MAT-0217,MAT-CF-0049,voltage,11 kV,11 kVX,VARIANT_OF,HARD
CF-PR-0050,CAN-041,MAT-0221,MAT-CF-0050,voltage,11 kV,11 kVX,VARIANT_OF,HARD
CF-PR-0051,CAN-042,MAT-0223,MAT-CF-0051,voltage,11 kV,11 kVX,VARIANT_OF,HARD
CF-PR-0052,CAN-042,MAT-0225,MAT-CF-0052,voltage,11 kV,11 kVX,VARIANT_OF,HARD
CF-PR-0053,CAN-043,MAT-0227,MAT-CF-0053,voltage,11 kV,11 kVX,VARIANT_OF,HARD
CF-PR-0054,CAN-044,MAT-0233,MAT-CF-0054,voltage,11 kV,11 kVX,VARIANT_OF,HARD
CF-PR-0055,CAN-045,MAT-0239,MAT-CF-0055,voltage,3.3 kV,3.3 kVX,VARIANT_OF,HARD
CF-PR-0056,CAN-046,MAT-0246,MAT-CF-0056,voltage,3.3 kV,3.3 kVX,VARIANT_OF,HARD
CF-PR-0057,CAN-047,MAT-0253,MAT-CF-0057,voltage,3.3 kV,3.3 kVX,VARIANT_OF,HARD
CF-PR-0058,CAN-047,MAT-0255,MAT-CF-0058,voltage,3.3 kV,3.3 kVX,VARIANT_OF,HARD
CF-PR-0059,CAN-050,MAT-0268,MAT-CF-0059,voltage,1.1 kV,1.1 kVX,VARIANT_OF,HARD
