material_id,cpse_id,canonical_id,material_code,description_original,base_uom,source_system,source_record_id,source_file,source_row,ingestion_timestamp,processing_version,source_type
MAT-0001,CPSE_03,CAN-001,MAT-74381,BALL VALVE CARBON STEEL DN100 CLASS,No.,SAP_S4HANA,REC-1,synthetic_generator,1,2026-09-18T22:42:29.592282,2.0,SYNTHETIC
MAT-0002,CPSE_05,CAN-001,MAT-85141,BALL VALVE CS DN100 Cl 150,Nos,SAP_S4HANA,REC-2,synthetic_generator,2,2026-09-18T22:42:29.592332,2.0,SYNTHETIC
MAT-CF-0001,CPSE_05,CAN-001_VARIANT,MAT-14282,BALL VALVE CARBON STEEL DN100 CLASS 300,Nos,SAP_ECC,REC-CF-1,synthetic_generator,2,2026-09-18T22:42:29.592368,2.0,SYNTHETIC_MUTATION
MAT-0003,CPSE_02,CAN-001,MAT-80480,BALL VALVE CARBON STEEL DN100 CLASS 150,Nos.,SAP_ECC,REC-3,synthetic_generator,3,2026-09-18T22:42:29.592392,2.0,SYNTHETIC
MAT-0004,CPSE_03,CAN-001,MAT-43285,BALL VALVE C.S. DN100 CL150,EACH,SAP_ECC,REC-4,synthetic_generator,4,2026-09-18T22:42:29.592418,2.0,SYNTHETIC
MAT-0005,CPSE_04,CAN-001,MAT-19467,BALL VALVE C.S. DN100,PCS,SAP_ECC,REC-5,synthetic_generator,5,2026-09-18T22:42:29.592446,2.0,SYNTHETIC
MAT-0006,CPSE_03,CAN-002,MAT-35395,CHECK VALVE CARBON STEEL DN50 CLASS 150,PCS,SAP_ECC,REC-6,synthetic_generator,6,2026-09-18T22:42:29.592674,2.0,SYNTHETIC
MAT-CF-0002,CPSE_03,CAN-002_VARIANT,MAT-75291,CHECK VALVE CARBON STEEL DN50 CLASS 300,PCS,SAP_ECC,REC-CF-2,synthetic_generator,6,2026-09-18T22:42:29.592706,2.0,SYNTHETIC_MUTATION
MAT-0007,CPSE_01,CAN-002,MAT-31691,CHECK VALVE CS DN50 150#,Nos,SAP_ECC,REC-7,synthetic_generator,7,2026-09-18T22:42:29.592734,2.0,SYNTHETIC
MAT-0008,CPSE_01,CAN-002,MAT-98150,CHECK VALVE CS DN50 150#,No,SAP_S4HANA,REC-8,synthetic_generator,8,2026-09-18T22:42:29.592758,2.0,SYNTHETIC
MAT-0009,CPSE_02,CAN-002,MAT-31434,CHECK VALVE C.S. DN50 Cl 150,No.,SAP_ECC,REC-9,synthetic_generator,9,2026-09-18T22:42:29.592779,2.0,SYNTHETIC
MAT-0010,CPSE_04,CAN-002,MAT-45454,CHECK VALVE C.S. DN50 CL150,No.,SAP_ECC,REC-10,synthetic_generator,10,2026-09-18T22:42:29.592801,2.0,SYNTHETIC
MAT-0011,CPSE_05,CAN-002,MAT-86088,CHECK VALVE CARBON STEEL DN50 CLASS,Nos,SAP_S4HANA,REC-11,synthetic_generator,11,2026-09-18T22:42:29.592822,2.0,SYNTHETIC
MAT-CF-0003,CPSE_05,CAN-002_VARIANT,MAT-19943,CHECK VALVE CARBON STEEL DN50 CLASS 300,Nos,SAP_ECC,REC-CF-3,synthetic_generator,11,2026-09-18T22:42:29.592844,2.0,SYNTHETIC_MUTATION
MAT-0012,CPSE_02,CAN-003,MAT-18379,GLOBE VALVE ALLOY STEEL DN150 CLASS,Nos,SAP_S4HANA,REC-12,synthetic_generator,12,2026-09-18T22:42:29.593043,2.0,SYNTHETIC
MAT-0013,CPSE_01,CAN-003,MAT-30723,GLOBE VALVE ALLOY STEEL DN150 CLASS 600,No.,SAP_S4HANA,REC-13,synthetic_generator,13,2026-09-18T22:42:29.593067,2.0,SYNTHETIC
MAT-0014,CPSE_03,CAN-003,MAT-70444,GLOBE VALVE ALLOY STEEL DN150 CLASS 600,No,SAP_ECC,REC-14,synthetic_generator,14,2026-09-18T22:42:29.593088,2.0,SYNTHETIC
MAT-0015,CPSE_03,CAN-003,MAT-13634,GLOBE VALVE ALLOY STEEL DN150 CLASS 600,No,SAP_S4HANA,REC-15,synthetic_generator,15,2026-09-18T22:42:29.593107,2.0,SYNTHETIC
MAT-0016,CPSE_01,CAN-004,MAT-57893,CHECK VALVE ALLOY STEEL DN150 CLASS 600,PCS,SAP_ECC,REC-16,synthetic_generator,16,2026-09-18T22:42:29.593292,2.0,SYNTHETIC
MAT-0017,CPSE_04,CAN-004,MAT-43997,CHECK VALVE ALLOY STEEL DN150 CLASS,No,SAP_ECC,REC-17,synthetic_generator,17,2026-09-18T22:42:29.593319,2.0,SYNTHETIC
MAT-0018,CPSE_04,CAN-004,MAT-45455,CHECK VALVE ALLOY STEEL DN150 CLASS 600,PCS,SAP_S4HANA,REC-18,synthetic_generator,18,2026-09-18T22:42:29.593339,2.0,SYNTHETIC
MAT-0019,CPSE_04,CAN-004,MAT-49998,CHECK VALVE ALLOY STEEL DN150 CLASS,No.,SAP_S4HANA,REC-19,synthetic_generator,19,2026-09-18T22:42:29.593359,2.0,SYNTHETIC
MAT-0020,CPSE_04,CAN-005,MAT-37471,CHECK VALVE STAINLESS STEEL DN100 CLASS 600,EACH,SAP_ECC,REC-20,synthetic_generator,20,2026-09-18T22:42:29.593545,2.0,SYNTHETIC
MAT-0021,CPSE_05,CAN-005,MAT-14154,CHECK VALVE STAINLESS STEEL DN100 CLASS 600,no,SAP_S4HANA,REC-21,synthetic_generator,21,2026-09-18T22:42:29.593572,2.0,SYNTHETIC
MAT-0022,CPSE_01,CAN-005,MAT-11451,CHECK VALVE STAINLESS STEEL DN100 CLASS,PCS,SAP_ECC,REC-22,synthetic_generator,22,2026-09-18T22:42:29.593596,2.0,SYNTHETIC
MAT-CF-0004,CPSE_01,CAN-005_VARIANT,MAT-47001,CHECK VALVE STAINLESS STEEL DN100 CLASS 600X,PCS,SAP_ECC,REC-CF-4,synthetic_generator,22,2026-09-18T22:42:29.593620,2.0,SYNTHETIC_MUTATION
MAT-0023,CPSE_01,CAN-005,MAT-65185,CHECK VALVE STAINLESS STEEL DN100 CLASS,Nos,SAP_ECC,REC-23,synthetic_generator,23,2026-09-18T22:42:29.593643,2.0,SYNTHETIC
MAT-0024,CPSE_02,CAN-005,MAT-39586,CHECK VALVE STAINLESS STEEL DN100 CLASS 600,No,SAP_ECC,REC-24,synthetic_generator,24,2026-09-18T22:42:29.593662,2.0,SYNTHETIC
MAT-0025,CPSE_03,CAN-005,MAT-56026,CHECK VALVE STAINLESS STEEL DN100 CLASS 600,Nos.,SAP_S4HANA,REC-25,synthetic_generator,25,2026-09-18T22:42:29.593680,2.0,SYNTHETIC
MAT-0026,CPSE_05,CAN-006,MAT-33186,BALL VALVE CARBON STEEL DN50 CLASS,no,SAP_ECC,REC-26,synthetic_generator,26,2026-09-18T22:42:29.593881,2.0,SYNTHETIC
MAT-0027,CPSE_05,CAN-006,MAT-25945,BALL VALVE C.S. DN50 CLASS,EACH,SAP_ECC,REC-27,synthetic_generator,27,2026-09-18T22:42:29.593911,2.0,SYNTHETIC
MAT-CF-0005,CPSE_05,CAN-006_VARIANT,MAT-32086,BALL VALVE CARBON STEEL DN50 CLASS 600X,EACH,SAP_ECC,REC-CF-5,synthetic_generator,27,2026-09-18T22:42:29.593936,2.0,SYNTHETIC_MUTATION
MAT-0028,CPSE_05,CAN-006,MAT-66746,BALL VALVE C.S. DN50 CLASS 600,No.,SAP_S4HANA,REC-28,synthetic_generator,28,2026-09-18T22:42:29.593959,2.0,SYNTHETIC
MAT-0029,CPSE_02,CAN-006,MAT-28523,BALL VALVE CARBON STEEL DN50 CLASS 600,Nos,SAP_ECC,REC-29,synthetic_generator,29,2026-09-18T22:42:29.593978,2.0,SYNTHETIC
MAT-0030,CPSE_05,CAN-006,MAT-13286,BALL VALVE CARBON STEEL DN50 CLASS 600,no,SAP_ECC,REC-30,synthetic_generator,30,2026-09-18T22:42:29.593996,2.0,SYNTHETIC
MAT-0031,CPSE_01,CAN-006,MAT-91845,BALL VALVE CARBON STEEL DN50 CLASS 600,No,SAP_S4HANA,REC-31,synthetic_generator,31,2026-09-18T22:42:29.594014,2.0,SYNTHETIC
MAT-0032,CPSE_04,CAN-007,MAT-67218,GATE V/V ALLOY STEEL DN100 CLASS 600,EA,SAP_ECC,REC-32,synthetic_generator,32,2026-09-18T22:42:29.594198,2.0,SYNTHETIC
MAT-0033,CPSE_01,CAN-007,MAT-95238,GATE VALVE ALLOY STEEL DN100 CLASS 600,no,SAP_S4HANA,REC-33,synthetic_generator,33,2026-09-18T22:42:29.594222,2.0,SYNTHETIC
MAT-0034,CPSE_02,CAN-007,MAT-69444,GV ALLOY STEEL DN100 CLASS,Nos,SAP_S4HANA,REC-34,synthetic_generator,34,2026-09-18T22:42:29.594248,2.0,SYNTHETIC
MAT-0035,CPSE_05,CAN-007,MAT-85300,GATE VALVE ALLOY STEEL DN100 CLASS,Nos,SAP_ECC,REC-35,synthetic_generator,35,2026-09-18T22:42:29.594270,2.0,SYNTHETIC
MAT-0036,CPSE_05,CAN-007,MAT-49057,Gate Vlv ALLOY STEEL DN100 CLASS 600,PCS,SAP_S4HANA,REC-36,synthetic_generator,36,2026-09-18T22:42:29.594291,2.0,SYNTHETIC
MAT-0037,CPSE_01,CAN-007,MAT-50418,GATE V/V ALLOY STEEL DN100 CLASS,no,SAP_ECC,REC-37,synthetic_generator,37,2026-09-18T22:42:29.594313,2.0,SYNTHETIC
MAT-0038,CPSE_05,CAN-007,MAT-98517,GATE VALVE ALLOY STEEL DN100 CLASS 600,EACH,SAP_ECC,REC-38,synthetic_generator,38,2026-09-18T22:42:29.594331,2.0,SYNTHETIC
MAT-0039,CPSE_03,CAN-007,MAT-77468,GATE V/V ALLOY STEEL DN100 CLASS 600,PCS,SAP_ECC,REC-39,synthetic_generator,39,2026-09-18T22:42:29.594352,2.0,SYNTHETIC
MAT-0040,CPSE_04,CAN-008,MAT-41442,CHECK VALVE C.S. DN150 CLASS,No.,SAP_S4HANA,REC-40,synthetic_generator,40,2026-09-18T22:42:29.594536,2.0,SYNTHETIC
MAT-0041,CPSE_01,CAN-008,MAT-65675,CHECK VALVE CARBON STEEL DN150 CLASS 300,Nos.,SAP_ECC,REC-41,synthetic_generator,41,2026-09-18T22:42:29.594560,2.0,SYNTHETIC
MAT-0042,CPSE_02,CAN-008,MAT-13103,CHECK VALVE CARBON STEEL DN150 CLASS,no,SAP_ECC,REC-42,synthetic_generator,42,2026-09-18T22:42:29.594580,2.0,SYNTHETIC
MAT-CF-0006,CPSE_02,CAN-008_VARIANT,MAT-20508,CHECK VALVE CARBON STEEL DN150 CLASS 300X,no,SAP_ECC,REC-CF-6,synthetic_generator,42,2026-09-18T22:42:29.594603,2.0,SYNTHETIC_MUTATION
MAT-0043,CPSE_02,CAN-008,MAT-51535,CHECK VALVE C.S. DN150 CLASS 300,Nos,SAP_ECC,REC-43,synthetic_generator,43,2026-09-18T22:42:29.594638,2.0,SYNTHETIC
MAT-0044,CPSE_01,CAN-008,MAT-13927,CHECK VALVE CARBON STEEL DN150 CLASS 300,EA,SAP_ECC,REC-44,synthetic_generator,44,2026-09-18T22:42:29.594659,2.0,SYNTHETIC
MAT-0045,CPSE_03,CAN-008,MAT-55301,CHECK VALVE CARBON STEEL DN150 CLASS,Nos,SAP_S4HANA,REC-45,synthetic_generator,45,2026-09-18T22:42:29.594680,2.0,SYNTHETIC
MAT-CF-0007,CPSE_03,CAN-008_VARIANT,MAT-52196,CHECK VALVE CARBON STEEL DN150 CLASS 300X,Nos,SAP_ECC,REC-CF-7,synthetic_generator,45,2026-09-18T22:42:29.594701,2.0,SYNTHETIC_MUTATION
MAT-0046,CPSE_01,CAN-009,MAT-65598,CHECK VALVE ALLOY STEEL DN50 CLASS 300,EACH,SAP_S4HANA,REC-46,synthetic_generator,46,2026-09-18T22:42:29.594887,2.0,SYNTHETIC
MAT-CF-0008,CPSE_01,CAN-009_VARIANT,MAT-77152,CHECK VALVE ALLOY STEEL DN50 CLASS 300X,EACH,SAP_ECC,REC-CF-8,synthetic_generator,46,2026-09-18T22:42:29.594914,2.0,SYNTHETIC_MUTATION
MAT-0047,CPSE_02,CAN-009,MAT-23968,CHECK VALVE ALLOY STEEL DN50 CLASS 300,Nos,SAP_ECC,REC-47,synthetic_generator,47,2026-09-18T22:42:29.594942,2.0,SYNTHETIC
MAT-0048,CPSE_01,CAN-009,MAT-32702,CHECK VALVE ALLOY STEEL DN50 CLASS 300,PCS,SAP_ECC,REC-48,synthetic_generator,48,2026-09-18T22:42:29.594960,2.0,SYNTHETIC
MAT-0049,CPSE_01,CAN-010,MAT-12617,GLOBE VALVE ALLOY STEEL DN50,PCS,SAP_S4HANA,REC-49,synthetic_generator,49,2026-09-18T22:42:29.595143,2.0,SYNTHETIC
MAT-0050,CPSE_05,CAN-010,MAT-87933,GLOBE VALVE ALLOY STEEL DN50 CLASS 150,PCS,SAP_ECC,REC-50,synthetic_generator,50,2026-09-18T22:42:29.595166,2.0,SYNTHETIC
MAT-0051,CPSE_01,CAN-010,MAT-90941,GLOBE VALVE ALLOY STEEL DN50 150#,PCS,SAP_ECC,REC-51,synthetic_generator,51,2026-09-18T22:42:29.595189,2.0,SYNTHETIC
MAT-0052,CPSE_01,CAN-011,MAT-25899,GATE VALVE CARBON STEEL DN50 CLASS 600,Nos,SAP_S4HANA,REC-52,synthetic_generator,52,2026-09-18T22:42:29.595378,2.0,SYNTHETIC
MAT-0053,CPSE_05,CAN-011,MAT-18763,GATE VALVE CARBON STEEL DN50 CLASS,No,SAP_S4HANA,REC-53,synthetic_generator,53,2026-09-18T22:42:29.595405,2.0,SYNTHETIC
MAT-CF-0009,CPSE_05,CAN-011_VARIANT,MAT-47506,GATE VALVE CARBON STEEL DN50 CLASS 600X,No,SAP_ECC,REC-CF-9,synthetic_generator,53,2026-09-18T22:42:29.595435,2.0,SYNTHETIC_MUTATION
MAT-0054,CPSE_05,CAN-011,MAT-20239,GATE V/V C.S. DN50 CLASS 600,no,SAP_ECC,REC-54,synthetic_generator,54,2026-09-18T22:42:29.595461,2.0,SYNTHETIC
MAT-0055,CPSE_01,CAN-011,MAT-81461,GATE VALVE CARBON STEEL DN50 CLASS 600,no,SAP_ECC,REC-55,synthetic_generator,55,2026-09-18T22:42:29.595480,2.0,SYNTHETIC
MAT-0056,CPSE_03,CAN-011,MAT-91404,GATE VALVE CARBON STEEL DN50 CLASS 600,EA,SAP_ECC,REC-56,synthetic_generator,56,2026-09-18T22:42:29.595498,2.0,SYNTHETIC
MAT-0057,CPSE_02,CAN-011,MAT-20879,GATE VALVE CARBON STEEL DN50 CLASS 600,no,SAP_S4HANA,REC-57,synthetic_generator,57,2026-09-18T22:42:29.595517,2.0,SYNTHETIC
MAT-0058,CPSE_04,CAN-012,MAT-93158,GLOBE VALVE S.S. DN50 CLASS,EACH,SAP_S4HANA,REC-58,synthetic_generator,58,2026-09-18T22:42:29.595724,2.0,SYNTHETIC
MAT-0059,CPSE_01,CAN-012,MAT-89560,GLOBE VALVE SS DN50 CLASS,no,SAP_S4HANA,REC-59,synthetic_generator,59,2026-09-18T22:42:29.595754,2.0,SYNTHETIC
MAT-0060,CPSE_01,CAN-012,MAT-79954,GLOBE VALVE STAINLESS STEEL DN50 CLASS 300,No,SAP_ECC,REC-60,synthetic_generator,60,2026-09-18T22:42:29.595779,2.0,SYNTHETIC
MAT-0061,CPSE_04,CAN-013,MAT-12112,CHECK VALVE ALLOY STEEL DN150 CLASS 300,Nos.,SAP_ECC,REC-61,synthetic_generator,61,2026-09-18T22:42:29.595959,2.0,SYNTHETIC
MAT-0062,CPSE_03,CAN-013,MAT-33383,CHECK VALVE ALLOY STEEL DN150 CLASS,no,SAP_ECC,REC-62,synthetic_generator,62,2026-09-18T22:42:29.595986,2.0,SYNTHETIC
MAT-0063,CPSE_05,CAN-013,MAT-80021,CHECK VALVE ALLOY STEEL DN150 CLASS 300,Nos,SAP_ECC,REC-63,synthetic_generator,63,2026-09-18T22:42:29.596008,2.0,SYNTHETIC
MAT-0064,CPSE_03,CAN-013,MAT-43734,CHECK VALVE ALLOY STEEL DN150 CLASS 300,Nos.,SAP_ECC,REC-64,synthetic_generator,64,2026-09-18T22:42:29.596028,2.0,SYNTHETIC
MAT-0065,CPSE_01,CAN-013,MAT-13907,CHECK VALVE ALLOY STEEL DN150 CLASS 300,Nos,SAP_S4HANA,REC-65,synthetic_generator,65,2026-09-18T22:42:29.596049,2.0,SYNTHETIC
MAT-0066,CPSE_04,CAN-013,MAT-84337,CHECK VALVE ALLOY STEEL DN150 CLASS 300,No,SAP_S4HANA,REC-66,synthetic_generator,66,2026-09-18T22:42:29.596068,2.0,SYNTHETIC
MAT-0067,CPSE_04,CAN-013,MAT-14084,CHECK VALVE ALLOY STEEL DN150 CLASS 300,no,SAP_S4HANA,REC-67,synthetic_generator,67,2026-09-18T22:42:29.596087,2.0,SYNTHETIC
MAT-CF-0010,CPSE_04,CAN-013_VARIANT,MAT-63798,CHECK VALVE ALLOY STEEL DN150 CLASS 300X,no,SAP_ECC,REC-CF-10,synthetic_generator,67,2026-09-18T22:42:29.596109,2.0,SYNTHETIC_MUTATION
MAT-0068,CPSE_04,CAN-014,MAT-60324,CHECK VALVE CS DN50 CLASS 600,No.,SAP_ECC,REC-68,synthetic_generator,68,2026-09-18T22:42:29.596289,2.0,SYNTHETIC
MAT-0069,CPSE_05,CAN-014,MAT-35750,CHECK VALVE CARBON STEEL DN50 CLASS,Nos.,SAP_S4HANA,REC-69,synthetic_generator,69,2026-09-18T22:42:29.596314,2.0,SYNTHETIC
MAT-0070,CPSE_02,CAN-014,MAT-80192,CHECK VALVE C.S. DN50 CLASS 600,Nos,SAP_S4HANA,REC-70,synthetic_generator,70,2026-09-18T22:42:29.596336,2.0,SYNTHETIC
MAT-CF-0011,CPSE_02,CAN-014_VARIANT,MAT-26262,CHECK VALVE CARBON STEEL DN50 CLASS 600X,Nos,SAP_ECC,REC-CF-11,synthetic_generator,70,2026-09-18T22:42:29.596359,2.0,SYNTHETIC_MUTATION
MAT-0071,CPSE_02,CAN-015,MAT-32867,GLOBE VALVE CARBON STEEL DN50 CLASS 600,EACH,SAP_ECC,REC-71,synthetic_generator,71,2026-09-18T22:42:29.596537,2.0,SYNTHETIC
MAT-CF-0012,CPSE_02,CAN-015_VARIANT,MAT-56004,GLOBE VALVE CARBON STEEL DN50 CLASS 600X,EACH,SAP_ECC,REC-CF-12,synthetic_generator,71,2026-09-18T22:42:29.596563,2.0,SYNTHETIC_MUTATION
MAT-0072,CPSE_03,CAN-015,MAT-77613,GLOBE VALVE CARBON STEEL DN50 CLASS 600,Nos.,SAP_ECC,REC-72,synthetic_generator,72,2026-09-18T22:42:29.596584,2.0,SYNTHETIC
MAT-CF-0013,CPSE_03,CAN-015_VARIANT,MAT-69032,GLOBE VALVE CARBON STEEL DN50 CLASS 600X,Nos.,SAP_ECC,REC-CF-13,synthetic_generator,72,2026-09-18T22:42:29.596606,2.0,SYNTHETIC_MUTATION
MAT-0073,CPSE_04,CAN-015,MAT-20370,GLOBE VALVE CS DN50 CLASS 600,No.,SAP_ECC,REC-73,synthetic_generator,73,2026-09-18T22:42:29.596629,2.0,SYNTHETIC
MAT-0074,CPSE_02,CAN-015,MAT-83145,GLOBE VALVE CS DN50 CLASS 600,No.,SAP_S4HANA,REC-74,synthetic_generator,74,2026-09-18T22:42:29.596651,2.0,SYNTHETIC
MAT-0075,CPSE_02,CAN-015,MAT-47630,GLOBE VALVE C.S. DN50 CLASS 600,no,SAP_S4HANA,REC-75,synthetic_generator,75,2026-09-18T22:42:29.596672,2.0,SYNTHETIC
MAT-0076,CPSE_04,CAN-015,MAT-14384,GLOBE VALVE CARBON STEEL DN50 CLASS,Nos.,SAP_ECC,REC-76,synthetic_generator,76,2026-09-18T22:42:29.596694,2.0,SYNTHETIC
MAT-0077,CPSE_04,CAN-015,MAT-45203,GLOBE VALVE C.S. DN50 CLASS 600,Nos.,SAP_ECC,REC-77,synthetic_generator,77,2026-09-18T22:42:29.596715,2.0,SYNTHETIC
MAT-0078,CPSE_05,CAN-015,MAT-14569,GLOBE VALVE CARBON STEEL DN50 CLASS 600,no,SAP_ECC,REC-78,synthetic_generator,78,2026-09-18T22:42:29.596733,2.0,SYNTHETIC
MAT-0079,CPSE_01,CAN-016,MAT-63506,PIPE HDPE PE100 DN50,MTR,SAP_S4HANA,REC-79,synthetic_generator,79,2026-09-18T22:42:29.596913,2.0,SYNTHETIC
MAT-CF-0014,CPSE_01,CAN-016_VARIANT,MAT-21493,PIPE HDPE PE100 DN50X SCH10S,MTR,SAP_ECC,REC-CF-14,synthetic_generator,79,2026-09-18T22:42:29.596966,2.0,SYNTHETIC_MUTATION
MAT-0080,CPSE_05,CAN-016,MAT-21864,PIPE HDPE PE100 DN50 SCH10S,Meter,SAP_S4HANA,REC-80,synthetic_generator,80,2026-09-18T22:42:29.596995,2.0,SYNTHETIC
MAT-0081,CPSE_05,CAN-016,MAT-86210,PIPE HDPE PE100 DN50 SCH10S,m,SAP_S4HANA,REC-81,synthetic_generator,81,2026-09-18T22:42:29.597014,2.0,SYNTHETIC
MAT-CF-0015,CPSE_05,CAN-016_VARIANT,MAT-51163,PIPE HDPE PE100 DN50X SCH10S,m,SAP_ECC,REC-CF-15,synthetic_generator,81,2026-09-18T22:42:29.597043,2.0,SYNTHETIC_MUTATION
MAT-0082,CPSE_03,CAN-016,MAT-36250,PIPE HDPE PE100 DN50 SCH10S,M,SAP_S4HANA,REC-82,synthetic_generator,82,2026-09-18T22:42:29.597063,2.0,SYNTHETIC
MAT-0083,CPSE_04,CAN-016,MAT-85748,PIPE HDPE PE100 DN50 SCH10S,Meter,SAP_ECC,REC-83,synthetic_generator,83,2026-09-18T22:42:29.597082,2.0,SYNTHETIC
MAT-0084,CPSE_01,CAN-016,MAT-60156,PIPE HDPE PE100 DN50,MTR,SAP_S4HANA,REC-84,synthetic_generator,84,2026-09-18T22:42:29.597104,2.0,SYNTHETIC
MAT-CF-0016,CPSE_01,CAN-016_VARIANT,MAT-66559,PIPE HDPE PE100 DN50X SCH10S,MTR,SAP_ECC,REC-CF-16,synthetic_generator,84,2026-09-18T22:42:29.597131,2.0,SYNTHETIC_MUTATION
MAT-0085,CPSE_04,CAN-016,MAT-10976,PIPE HDPE PE100 DN50 SCH10S,Meter,SAP_ECC,REC-85,synthetic_generator,85,2026-09-18T22:42:29.597150,2.0,SYNTHETIC
MAT-0086,CPSE_05,CAN-017,MAT-93386,PIPE S.S. PE100 DN100 SCH80,M,SAP_S4HANA,REC-86,synthetic_generator,86,2026-09-18T22:42:29.597337,2.0,SYNTHETIC
MAT-0087,CPSE_04,CAN-017,MAT-78809,PIPE S.S. PE100 DN100 SCH80,Meter,SAP_ECC,REC-87,synthetic_generator,87,2026-09-18T22:42:29.597364,2.0,SYNTHETIC
MAT-CF-0017,CPSE_04,CAN-017_VARIANT,MAT-85517,PIPE STAINLESS STEEL PE100 DN150 SCH80,Meter,SAP_ECC,REC-CF-17,synthetic_generator,87,2026-09-18T22:42:29.597395,2.0,SYNTHETIC_MUTATION
MAT-0088,CPSE_03,CAN-017,MAT-10311,PIPE STAINLESS STEEL PE100 DN100 SCH80,M,SAP_S4HANA,REC-88,synthetic_generator,88,2026-09-18T22:42:29.597417,2.0,SYNTHETIC
MAT-0089,CPSE_04,CAN-017,MAT-93944,PIPE STAINLESS STEEL PE100 DN100 SCH80,m,SAP_ECC,REC-89,synthetic_generator,89,2026-09-18T22:42:29.597436,2.0,SYNTHETIC
MAT-CF-0018,CPSE_04,CAN-017_VARIANT,MAT-46692,PIPE STAINLESS STEEL PE100 DN150 SCH80,m,SAP_ECC,REC-CF-18,synthetic_generator,89,2026-09-18T22:42:29.597467,2.0,SYNTHETIC_MUTATION
MAT-0090,CPSE_01,CAN-017,MAT-96667,PIPE STAINLESS STEEL PE100 DN100 SCH80,m,SAP_S4HANA,REC-90,synthetic_generator,90,2026-09-18T22:42:29.597487,2.0,SYNTHETIC
MAT-0091,CPSE_04,CAN-018,MAT-70589,PIPE PVC TP316L DN100 SCH80,Meter,SAP_ECC,REC-91,synthetic_generator,91,2026-09-18T22:42:29.597670,2.0,SYNTHETIC
MAT-0092,CPSE_02,CAN-018,MAT-57435,PIPE PVC TP316L DN100 SCH80,Meter,SAP_S4HANA,REC-92,synthetic_generator,92,2026-09-18T22:42:29.597695,2.0,SYNTHETIC
MAT-0093,CPSE_05,CAN-018,MAT-90915,PIPE PVC TP316L DN100 SCH80,m,SAP_ECC,REC-93,synthetic_generator,93,2026-09-18T22:42:29.597730,2.0,SYNTHETIC
MAT-CF-0019,CPSE_05,CAN-018_VARIANT,MAT-52294,PIPE PVC TP316L DN150 SCH80,m,SAP_ECC,REC-CF-19,synthetic_generator,93,2026-09-18T22:42:29.597761,2.0,SYNTHETIC_MUTATION
MAT-0094,CPSE_05,CAN-018,MAT-42268,PIPE PVC TP316L DN100 SCH80,MTR,SAP_ECC,REC-94,synthetic_generator,94,2026-09-18T22:42:29.597781,2.0,SYNTHETIC
MAT-CF-0020,CPSE_05,CAN-018_VARIANT,MAT-14654,PIPE PVC TP316L DN150 SCH80,MTR,SAP_ECC,REC-CF-20,synthetic_generator,94,2026-09-18T22:42:29.597807,2.0,SYNTHETIC_MUTATION
MAT-0095,CPSE_01,CAN-018,MAT-66934,PIPE PVC TP316L DN100,M,SAP_ECC,REC-95,synthetic_generator,95,2026-09-18T22:42:29.597831,2.0,SYNTHETIC
MAT-0096,CPSE_04,CAN-018,MAT-25255,PIPE PVC TP316L DN100 SCH80,MTR,SAP_S4HANA,REC-96,synthetic_generator,96,2026-09-18T22:42:29.597851,2.0,SYNTHETIC
MAT-0097,CPSE_05,CAN-018,MAT-53831,PIPE PVC TP316L DN100,MTR,SAP_ECC,REC-97,synthetic_generator,97,2026-09-18T22:42:29.597872,2.0,SYNTHETIC
MAT-CF-0021,CPSE_05,CAN-018_VARIANT,MAT-68612,PIPE PVC TP316L DN150 SCH80,MTR,SAP_ECC,REC-CF-21,synthetic_generator,97,2026-09-18T22:42:29.597897,2.0,SYNTHETIC_MUTATION
MAT-0098,CPSE_03,CAN-018,MAT-63735,PIPE PVC TP316L DN100 SCH80,MTR,SAP_S4HANA,REC-98,synthetic_generator,98,2026-09-18T22:42:29.597924,2.0,SYNTHETIC
MAT-0099,CPSE_04,CAN-019,MAT-50479,PIPE HDPE API 5L GR B DN100 SCH80,MTR,SAP_S4HANA,REC-99,synthetic_generator,99,2026-09-18T22:42:29.598104,2.0,SYNTHETIC
MAT-0100,CPSE_04,CAN-019,MAT-34284,PIPE HDPE API 5L GR B DN100,m,SAP_S4HANA,REC-100,synthetic_generator,100,2026-09-18T22:42:29.598132,2.0,SYNTHETIC
MAT-0101,CPSE_02,CAN-019,MAT-17615,PIPE HDPE API 5L GR B DN100,MTR,SAP_ECC,REC-101,synthetic_generator,101,2026-09-18T22:42:29.598153,2.0,SYNTHETIC
MAT-0102,CPSE_04,CAN-019,MAT-44871,PIPE HDPE API 5L GR B DN100 SCH80,MTR,SAP_ECC,REC-102,synthetic_generator,102,2026-09-18T22:42:29.598173,2.0,SYNTHETIC
MAT-CF-0022,CPSE_04,CAN-019_VARIANT,MAT-93036,PIPE HDPE API 5L GR B DN150 SCH80,MTR,SAP_ECC,REC-CF-22,synthetic_generator,102,2026-09-18T22:42:29.598202,2.0,SYNTHETIC_MUTATION
MAT-0103,CPSE_01,CAN-020,MAT-14457,PIPE HDPE API 5L GR B DN50 SCH10S,m,SAP_ECC,REC-103,synthetic_generator,103,2026-09-18T22:42:29.598374,2.0,SYNTHETIC
MAT-0104,CPSE_02,CAN-020,MAT-11576,PIPE HDPE API 5L GR B DN50,MTR,SAP_S4HANA,REC-104,synthetic_generator,104,2026-09-18T22:42:29.598400,2.0,SYNTHETIC
MAT-CF-0023,CPSE_02,CAN-020_VARIANT,MAT-99401,PIPE HDPE API 5L GR B DN50X SCH10S,MTR,SAP_ECC,REC-CF-23,synthetic_generator,104,2026-09-18T22:42:29.598429,2.0,SYNTHETIC_MUTATION
MAT-0105,CPSE_03,CAN-020,MAT-28287,PIPE HDPE API 5L GR B DN50 SCH10S,M,SAP_ECC,REC-105,synthetic_generator,105,2026-09-18T22:42:29.598452,2.0,SYNTHETIC
MAT-0106,CPSE_04,CAN-021,MAT-63793,PIPE HDPE PE100 DN200,M,SAP_ECC,REC-106,synthetic_generator,106,2026-09-18T22:42:29.598637,2.0,SYNTHETIC
MAT-0107,CPSE_04,CAN-021,MAT-51871,PIPE HDPE PE100 DN200 SCH10S,m,SAP_S4HANA,REC-107,synthetic_generator,107,2026-09-18T22:42:29.598662,2.0,SYNTHETIC
MAT-CF-0024,CPSE_04,CAN-021_VARIANT,MAT-61417,PIPE HDPE PE100 DN200X SCH10S,m,SAP_ECC,REC-CF-24,synthetic_generator,107,2026-09-18T22:42:29.598694,2.0,SYNTHETIC_MUTATION
MAT-0108,CPSE_03,CAN-021,MAT-63130,PIPE HDPE PE100 DN200 SCH10S,MTR,SAP_S4HANA,REC-108,synthetic_generator,108,2026-09-18T22:42:29.598715,2.0,SYNTHETIC
MAT-0109,CPSE_01,CAN-021,MAT-75216,PIPE HDPE PE100 DN200 SCH10S,m,SAP_ECC,REC-109,synthetic_generator,109,2026-09-18T22:42:29.598741,2.0,SYNTHETIC
MAT-0110,CPSE_01,CAN-022,MAT-81480,PIPE PVC PE100 DN50 SCH10S,Meter,SAP_S4HANA,REC-110,synthetic_generator,110,2026-09-18T22:42:29.598918,2.0,SYNTHETIC
MAT-0111,CPSE_05,CAN-022,MAT-27898,PIPE PVC PE100 DN50 SCH10S,m,SAP_S4HANA,REC-111,synthetic_generator,111,2026-09-18T22:42:29.598941,2.0,SYNTHETIC
MAT-0112,CPSE_02,CAN-022,MAT-16920,PIPE PVC PE100 DN50 SCH10S,M,SAP_ECC,REC-112,synthetic_generator,112,2026-09-18T22:42:29.598961,2.0,SYNTHETIC
MAT-CF-0025,CPSE_02,CAN-022_VARIANT,MAT-85334,PIPE PVC PE100 DN50X SCH10S,M,SAP_ECC,REC-CF-25,synthetic_generator,112,2026-09-18T22:42:29.598992,2.0,SYNTHETIC_MUTATION
MAT-0113,CPSE_03,CAN-022,MAT-17480,PIPE PVC PE100 DN50 SCH10S,MTR,SAP_S4HANA,REC-113,synthetic_generator,113,2026-09-18T22:42:29.599012,2.0,SYNTHETIC
MAT-0114,CPSE_03,CAN-023,MAT-23200,PIPE PVC TP304 DN200 SCH80,MTR,SAP_ECC,REC-114,synthetic_generator,114,2026-09-18T22:42:29.599185,2.0,SYNTHETIC
MAT-CF-0026,CPSE_03,CAN-023_VARIANT,MAT-34392,PIPE PVC TP304 DN200X SCH80,MTR,SAP_ECC,REC-CF-26,synthetic_generator,114,2026-09-18T22:42:29.599223,2.0,SYNTHETIC_MUTATION
MAT-0115,CPSE_04,CAN-023,MAT-46559,PIPE PVC TP304 DN200,M,SAP_S4HANA,REC-115,synthetic_generator,115,2026-09-18T22:42:29.599248,2.0,SYNTHETIC
MAT-CF-0027,CPSE_04,CAN-023_VARIANT,MAT-22125,PIPE PVC TP304 DN200X SCH80,M,SAP_ECC,REC-CF-27,synthetic_generator,115,2026-09-18T22:42:29.599286,2.0,SYNTHETIC_MUTATION
MAT-0116,CPSE_01,CAN-023,MAT-42577,PIPE PVC TP304 DN200,Meter,SAP_ECC,REC-116,synthetic_generator,116,2026-09-18T22:42:29.599380,2.0,SYNTHETIC
MAT-0117,CPSE_05,CAN-023,MAT-14137,PIPE PVC TP304 DN200 SCH80,MTR,SAP_ECC,REC-117,synthetic_generator,117,2026-09-18T22:42:29.599422,2.0,SYNTHETIC
MAT-0118,CPSE_05,CAN-023,MAT-28608,PIPE PVC TP304 DN200 SCH80,MTR,SAP_S4HANA,REC-118,synthetic_generator,118,2026-09-18T22:42:29.599446,2.0,SYNTHETIC
MAT-0119,CPSE_03,CAN-024,MAT-97933,PIPE PVC TP304 DN200,MTR,SAP_S4HANA,REC-119,synthetic_generator,119,2026-09-18T22:42:29.599675,2.0,SYNTHETIC
MAT-0120,CPSE_04,CAN-024,MAT-47869,PIPE PVC TP304 DN200,M,SAP_S4HANA,REC-120,synthetic_generator,120,2026-09-18T22:42:29.599701,2.0,SYNTHETIC
MAT-0121,CPSE_02,CAN-024,MAT-67840,PIPE PVC TP304 DN200,MTR,SAP_ECC,REC-121,synthetic_generator,121,2026-09-18T22:42:29.599739,2.0,SYNTHETIC
MAT-0122,CPSE_01,CAN-024,MAT-18879,PIPE PVC TP304 DN200 SCH80,Meter,SAP_ECC,REC-122,synthetic_generator,122,2026-09-18T22:42:29.599759,2.0,SYNTHETIC
MAT-0123,CPSE_04,CAN-024,MAT-61420,PIPE PVC TP304 DN200,M,SAP_ECC,REC-123,synthetic_generator,123,2026-09-18T22:42:29.599787,2.0,SYNTHETIC
MAT-0124,CPSE_03,CAN-024,MAT-18868,PIPE PVC TP304 DN200 SCH80,m,SAP_ECC,REC-124,synthetic_generator,124,2026-09-18T22:42:29.599807,2.0,SYNTHETIC
MAT-CF-0028,CPSE_03,CAN-024_VARIANT,MAT-75083,PIPE PVC TP304 DN200X SCH80,m,SAP_ECC,REC-CF-28,synthetic_generator,124,2026-09-18T22:42:29.599838,2.0,SYNTHETIC_MUTATION
MAT-0125,CPSE_04,CAN-024,MAT-38567,PIPE PVC TP304 DN200 SCH80,M,SAP_ECC,REC-125,synthetic_generator,125,2026-09-18T22:42:29.599859,2.0,SYNTHETIC
MAT-CF-0029,CPSE_04,CAN-024_VARIANT,MAT-28140,PIPE PVC TP304 DN200X SCH80,M,SAP_ECC,REC-CF-29,synthetic_generator,125,2026-09-18T22:42:29.599886,2.0,SYNTHETIC_MUTATION
MAT-0126,CPSE_01,CAN-024,MAT-36037,PIPE PVC TP304 DN200 SCH80,MTR,SAP_S4HANA,REC-126,synthetic_generator,126,2026-09-18T22:42:29.599904,2.0,SYNTHETIC
MAT-CF-0030,CPSE_01,CAN-024_VARIANT,MAT-28489,PIPE PVC TP304 DN200X SCH80,MTR,SAP_ECC,REC-CF-30,synthetic_generator,126,2026-09-18T22:42:29.599930,2.0,SYNTHETIC_MUTATION
MAT-0127,CPSE_02,CAN-025,MAT-54207,PIPE CARBON STEEL TP316L DN100 SCH80,Meter,SAP_S4HANA,REC-127,synthetic_generator,127,2026-09-18T22:42:29.600126,2.0,SYNTHETIC
MAT-0128,CPSE_02,CAN-025,MAT-32097,PIPE C.S. TP316L DN100 SCH80,M,SAP_S4HANA,REC-128,synthetic_generator,128,2026-09-18T22:42:29.600155,2.0,SYNTHETIC
MAT-0129,CPSE_01,CAN-025,MAT-25360,PIPE CARBON STEEL TP316L DN100 SCH80,Meter,SAP_ECC,REC-129,synthetic_generator,129,2026-09-18T22:42:29.600175,2.0,SYNTHETIC
MAT-0130,CPSE_03,CAN-025,MAT-29633,PIPE C.S. TP316L DN100 SCH80,m,SAP_ECC,REC-130,synthetic_generator,130,2026-09-18T22:42:29.600204,2.0,SYNTHETIC
MAT-0131,CPSE_02,CAN-026,MAT-87211,PIPE HDPE TP316L DN200,Meter,SAP_ECC,REC-131,synthetic_generator,131,2026-09-18T22:42:29.600390,2.0,SYNTHETIC
MAT-CF-0031,CPSE_02,CAN-026_VARIANT,MAT-77740,PIPE HDPE TP316L DN200X SCH40,Meter,SAP_ECC,REC-CF-31,synthetic_generator,131,2026-09-18T22:42:29.600424,2.0,SYNTHETIC_MUTATION
MAT-0132,CPSE_03,CAN-026,MAT-98904,PIPE HDPE TP316L DN200 SCH40,MTR,SAP_S4HANA,REC-132,synthetic_generator,132,2026-09-18T22:42:29.600446,2.0,SYNTHETIC
MAT-0133,CPSE_04,CAN-026,MAT-21392,PIPE HDPE TP316L DN200,MTR,SAP_ECC,REC-133,synthetic_generator,133,2026-09-18T22:42:29.600475,2.0,SYNTHETIC
MAT-CF-0032,CPSE_04,CAN-026_VARIANT,MAT-23484,PIPE HDPE TP316L DN200X SCH40,MTR,SAP_ECC,REC-CF-32,synthetic_generator,133,2026-09-18T22:42:29.600502,2.0,SYNTHETIC_MUTATION
MAT-0134,CPSE_04,CAN-026,MAT-40607,PIPE HDPE TP316L DN200,Meter,SAP_ECC,REC-134,synthetic_generator,134,2026-09-18T22:42:29.600523,2.0,SYNTHETIC
MAT-0135,CPSE_03,CAN-026,MAT-97982,PIPE HDPE TP316L DN200 SCH40,M,SAP_S4HANA,REC-135,synthetic_generator,135,2026-09-18T22:42:29.600541,2.0,SYNTHETIC
MAT-0136,CPSE_01,CAN-026,MAT-48198,PIPE HDPE TP316L DN200 SCH40,Meter,SAP_ECC,REC-136,synthetic_generator,136,2026-09-18T22:42:29.600561,2.0,SYNTHETIC
MAT-0137,CPSE_02,CAN-027,MAT-62840,PIPE STAINLESS STEEL API 5L GR B DN100,Meter,SAP_S4HANA,REC-137,synthetic_generator,137,2026-09-18T22:42:29.600747,2.0,SYNTHETIC
MAT-0138,CPSE_04,CAN-027,MAT-86047,PIPE STAINLESS STEEL API 5L GR B DN100,Meter,SAP_ECC,REC-138,synthetic_generator,138,2026-09-18T22:42:29.600778,2.0,SYNTHETIC
MAT-0139,CPSE_02,CAN-027,MAT-44645,PIPE STAINLESS STEEL API 5L GR B DN100 SCH40,Meter,SAP_S4HANA,REC-139,synthetic_generator,139,2026-09-18T22:42:29.600800,2.0,SYNTHETIC
MAT-CF-0033,CPSE_02,CAN-027_VARIANT,MAT-28134,PIPE STAINLESS STEEL API 5L GR B DN150 SCH40,Meter,SAP_ECC,REC-CF-33,synthetic_generator,139,2026-09-18T22:42:29.600833,2.0,SYNTHETIC_MUTATION
MAT-0140,CPSE_01,CAN-027,MAT-37621,PIPE S.S. API 5L GR B DN100 SCH40,m,SAP_ECC,REC-140,synthetic_generator,140,2026-09-18T22:42:29.600859,2.0,SYNTHETIC
MAT-CF-0034,CPSE_01,CAN-027_VARIANT,MAT-81644,PIPE STAINLESS STEEL API 5L GR B DN150 SCH40,m,SAP_ECC,REC-CF-34,synthetic_generator,140,2026-09-18T22:42:29.600888,2.0,SYNTHETIC_MUTATION
MAT-0141,CPSE_02,CAN-027,MAT-92529,PIPE STAINLESS STEEL API 5L GR B DN100 SCH40,Meter,SAP_S4HANA,REC-141,synthetic_generator,141,2026-09-18T22:42:29.600908,2.0,SYNTHETIC
MAT-0142,CPSE_05,CAN-028,MAT-50190,PIPE S.S. TP316L DN50 SCH10S,Meter,SAP_ECC,REC-142,synthetic_generator,142,2026-09-18T22:42:29.601091,2.0,SYNTHETIC
MAT-CF-0035,CPSE_05,CAN-028_VARIANT,MAT-24911,PIPE STAINLESS STEEL TP316L DN50X SCH10S,Meter,SAP_ECC,REC-CF-35,synthetic_generator,142,2026-09-18T22:42:29.601124,2.0,SYNTHETIC_MUTATION
MAT-0143,CPSE_01,CAN-028,MAT-19644,PIPE S.S. TP316L DN50 SCH10S,Meter,SAP_ECC,REC-143,synthetic_generator,143,2026-09-18T22:42:29.601148,2.0,SYNTHETIC
MAT-0144,CPSE_02,CAN-028,MAT-90134,PIPE SS TP316L DN50,m,SAP_ECC,REC-144,synthetic_generator,144,2026-09-18T22:42:29.601172,2.0,SYNTHETIC
MAT-0145,CPSE_02,CAN-028,MAT-69145,PIPE STAINLESS STEEL TP316L DN50 SCH10S,Meter,SAP_S4HANA,REC-145,synthetic_generator,145,2026-09-18T22:42:29.601196,2.0,SYNTHETIC
MAT-CF-0036,CPSE_02,CAN-028_VARIANT,MAT-14915,PIPE STAINLESS STEEL TP316L DN50X SCH10S,Meter,SAP_ECC,REC-CF-36,synthetic_generator,145,2026-09-18T22:42:29.601225,2.0,SYNTHETIC_MUTATION
MAT-0146,CPSE_03,CAN-028,MAT-44989,PIPE SS TP316L DN50 SCH10S,m,SAP_S4HANA,REC-146,synthetic_generator,146,2026-09-18T22:42:29.601246,2.0,SYNTHETIC
MAT-0147,CPSE_04,CAN-028,MAT-96911,PIPE STAINLESS STEEL TP316L DN50,Meter,SAP_S4HANA,REC-147,synthetic_generator,147,2026-09-18T22:42:29.601267,2.0,SYNTHETIC
MAT-0148,CPSE_01,CAN-028,MAT-78533,PIPE S.S. TP316L DN50 SCH10S,M,SAP_S4HANA,REC-148,synthetic_generator,148,2026-09-18T22:42:29.601291,2.0,SYNTHETIC
MAT-0149,CPSE_03,CAN-028,MAT-84655,PIPE STAINLESS STEEL TP316L DN50,Meter,SAP_ECC,REC-149,synthetic_generator,149,2026-09-18T22:42:29.601311,2.0,SYNTHETIC
MAT-CF-0037,CPSE_03,CAN-028_VARIANT,MAT-82108,PIPE STAINLESS STEEL TP316L DN50X SCH10S,Meter,SAP_ECC,REC-CF-37,synthetic_generator,149,2026-09-18T22:42:29.601337,2.0,SYNTHETIC_MUTATION
MAT-0150,CPSE_04,CAN-029,MAT-70274,PIPE HDPE API 5L GR B DN50,MTR,SAP_S4HANA,REC-150,synthetic_generator,150,2026-09-18T22:42:29.601522,2.0,SYNTHETIC
MAT-0151,CPSE_05,CAN-029,MAT-31135,PIPE HDPE API 5L GR B DN50,m,SAP_S4HANA,REC-151,synthetic_generator,151,2026-09-18T22:42:29.601548,2.0,SYNTHETIC
MAT-0152,CPSE_01,CAN-029,MAT-51281,PIPE HDPE API 5L GR B DN50 SCH80,Meter,SAP_ECC,REC-152,synthetic_generator,152,2026-09-18T22:42:29.601568,2.0,SYNTHETIC
MAT-0153,CPSE_04,CAN-030,MAT-64182,PIPE PVC TP304 DN100 SCH40,M,SAP_S4HANA,REC-153,synthetic_generator,153,2026-09-18T22:42:29.601767,2.0,SYNTHETIC
MAT-CF-0038,CPSE_04,CAN-030_VARIANT,MAT-88801,PIPE PVC TP304 DN150 SCH40,M,SAP_ECC,REC-CF-38,synthetic_generator,153,2026-09-18T22:42:29.601801,2.0,SYNTHETIC_MUTATION
MAT-0154,CPSE_01,CAN-030,MAT-15781,PIPE PVC TP304 DN100 SCH40,MTR,SAP_S4HANA,REC-154,synthetic_generator,154,2026-09-18T22:42:29.601824,2.0,SYNTHETIC
MAT-0155,CPSE_04,CAN-030,MAT-20168,PIPE PVC TP304 DN100 SCH40,Meter,SAP_S4HANA,REC-155,synthetic_generator,155,2026-09-18T22:42:29.601843,2.0,SYNTHETIC
MAT-0156,CPSE_02,CAN-030,MAT-75829,PIPE PVC TP304 DN100,MTR,SAP_S4HANA,REC-156,synthetic_generator,156,2026-09-18T22:42:29.601863,2.0,SYNTHETIC
MAT-0157,CPSE_02,CAN-030,MAT-85190,PIPE PVC TP304 DN100 SCH40,Meter,SAP_ECC,REC-157,synthetic_generator,157,2026-09-18T22:42:29.601883,2.0,SYNTHETIC
MAT-0158,CPSE_05,CAN-030,MAT-45069,PIPE PVC TP304 DN100 SCH40,MTR,SAP_ECC,REC-158,synthetic_generator,158,2026-09-18T22:42:29.601902,2.0,SYNTHETIC
MAT-0159,CPSE_05,CAN-030,MAT-94298,PIPE PVC TP304 DN100 SCH40,MTR,SAP_ECC,REC-159,synthetic_generator,159,2026-09-18T22:42:29.601920,2.0,SYNTHETIC
MAT-0160,CPSE_02,CAN-030,MAT-79999,PIPE PVC TP304 DN100 SCH40,m,SAP_ECC,REC-160,synthetic_generator,160,2026-09-18T22:42:29.601942,2.0,SYNTHETIC
MAT-0161,CPSE_01,CAN-031,MAT-98118,HEX HEAD CARBON STEEL,No.,SAP_ECC,REC-161,synthetic_generator,161,2026-09-18T22:42:29.602128,2.0,SYNTHETIC
MAT-0162,CPSE_05,CAN-031,MAT-29084,HEX HEAD C.S.,No,SAP_ECC,REC-162,synthetic_generator,162,2026-09-18T22:42:29.602161,2.0,SYNTHETIC
MAT-0163,CPSE_02,CAN-031,MAT-55536,HEX HEAD CARBON STEEL B7,Nos.,SAP_S4HANA,REC-163,synthetic_generator,163,2026-09-18T22:42:29.602182,2.0,SYNTHETIC
MAT-CF-0039,CPSE_02,CAN-031_VARIANT,MAT-12218,HEX HEAD CARBON STEEL B7X,Nos.,SAP_ECC,REC-CF-39,synthetic_generator,163,2026-09-18T22:42:29.602219,2.0,SYNTHETIC_MUTATION
MAT-0164,CPSE_02,CAN-032,MAT-17410,STUD BOLT CARBON STEEL 10.9,no,SAP_ECC,REC-164,synthetic_generator,164,2026-09-18T22:42:29.602398,2.0,SYNTHETIC
MAT-0165,CPSE_02,CAN-032,MAT-86850,STUD BOLT CARBON STEEL,No.,SAP_S4HANA,REC-165,synthetic_generator,165,2026-09-18T22:42:29.602424,2.0,SYNTHETIC
MAT-0166,CPSE_02,CAN-032,MAT-64689,STUD BOLT CARBON STEEL,No,SAP_S4HANA,REC-166,synthetic_generator,166,2026-09-18T22:42:29.602444,2.0,SYNTHETIC
MAT-0167,CPSE_01,CAN-032,MAT-54451,STUD BOLT CARBON STEEL 10.9,EACH,SAP_ECC,REC-167,synthetic_generator,167,2026-09-18T22:42:29.602470,2.0,SYNTHETIC
MAT-0168,CPSE_01,CAN-032,MAT-54368,STUD BOLT CS 10.9,Nos.,SAP_ECC,REC-168,synthetic_generator,168,2026-09-18T22:42:29.602494,2.0,SYNTHETIC
MAT-0169,CPSE_05,CAN-032,MAT-62702,STUD BOLT CS 10.9,No.,SAP_S4HANA,REC-169,synthetic_generator,169,2026-09-18T22:42:29.602514,2.0,SYNTHETIC
MAT-0170,CPSE_02,CAN-032,MAT-29969,STUD BOLT CARBON STEEL 10.9,No.,SAP_ECC,REC-170,synthetic_generator,170,2026-09-18T22:42:29.602532,2.0,SYNTHETIC
MAT-CF-0040,CPSE_02,CAN-032_VARIANT,MAT-51245,STUD BOLT CARBON STEEL 10.9X,No.,SAP_ECC,REC-CF-40,synthetic_generator,170,2026-09-18T22:42:29.602572,2.0,SYNTHETIC_MUTATION
MAT-0171,CPSE_04,CAN-032,MAT-86950,STUD BOLT CARBON STEEL 10.9,Nos,SAP_S4HANA,REC-171,synthetic_generator,171,2026-09-18T22:42:29.602594,2.0,SYNTHETIC
MAT-0172,CPSE_04,CAN-033,MAT-45058,STUD BOLT CARBON STEEL,No,SAP_S4HANA,REC-172,synthetic_generator,172,2026-09-18T22:42:29.602800,2.0,SYNTHETIC
MAT-0173,CPSE_05,CAN-033,MAT-28105,STUD BOLT CARBON STEEL B7,EACH,SAP_ECC,REC-173,synthetic_generator,173,2026-09-18T22:42:29.602833,2.0,SYNTHETIC
MAT-0174,CPSE_02,CAN-033,MAT-83867,STUD BOLT C.S. B7,No,SAP_ECC,REC-174,synthetic_generator,174,2026-09-18T22:42:29.602906,2.0,SYNTHETIC
MAT-0175,CPSE_01,CAN-034,MAT-88419,STUD BOLT SS,No,SAP_ECC,REC-175,synthetic_generator,175,2026-09-18T22:42:29.603218,2.0,SYNTHETIC
MAT-0176,CPSE_03,CAN-034,MAT-92256,STUD BOLT S.S.,Nos.,SAP_S4HANA,REC-176,synthetic_generator,176,2026-09-18T22:42:29.603262,2.0,SYNTHETIC
MAT-0177,CPSE_04,CAN-034,MAT-79454,STUD BOLT STAINLESS STEEL B7,No.,SAP_ECC,REC-177,synthetic_generator,177,2026-09-18T22:42:29.603296,2.0,SYNTHETIC
MAT-0178,CPSE_02,CAN-034,MAT-85215,STUD BOLT STAINLESS STEEL B7,Nos,SAP_ECC,REC-178,synthetic_generator,178,2026-09-18T22:42:29.603326,2.0,SYNTHETIC
MAT-0179,CPSE_05,CAN-034,MAT-42425,STUD BOLT STAINLESS STEEL B7,No,SAP_ECC,REC-179,synthetic_generator,179,2026-09-18T22:42:29.603357,2.0,SYNTHETIC
MAT-0180,CPSE_04,CAN-034,MAT-96366,STUD BOLT STAINLESS STEEL B7,EA,SAP_ECC,REC-180,synthetic_generator,180,2026-09-18T22:42:29.603398,2.0,SYNTHETIC
MAT-0181,CPSE_03,CAN-034,MAT-18291,STUD BOLT S.S.,Nos,SAP_ECC,REC-181,synthetic_generator,181,2026-09-18T22:42:29.603437,2.0,SYNTHETIC
MAT-0182,CPSE_02,CAN-034,MAT-47951,STUD BOLT STAINLESS STEEL B7,Nos,SAP_S4HANA,REC-182,synthetic_generator,182,2026-09-18T22:42:29.603470,2.0,SYNTHETIC
MAT-0183,CPSE_02,CAN-035,MAT-16560,HEX HEAD SS 10.9,No,SAP_S4HANA,REC-183,synthetic_generator,183,2026-09-18T22:42:29.603799,2.0,SYNTHETIC
MAT-0184,CPSE_01,CAN-035,MAT-87714,HEX HEAD SS 10.9,EA,SAP_ECC,REC-184,synthetic_generator,184,2026-09-18T22:42:29.603839,2.0,SYNTHETIC
MAT-0185,CPSE_05,CAN-035,MAT-81930,HEX HEAD S.S.,Nos.,SAP_S4HANA,REC-185,synthetic_generator,185,2026-09-18T22:42:29.603875,2.0,SYNTHETIC
MAT-CF-0041,CPSE_05,CAN-035_VARIANT,MAT-20224,HEX HEAD STAINLESS STEEL 10.9X,Nos.,SAP_ECC,REC-CF-41,synthetic_generator,185,2026-09-18T22:42:29.603932,2.0,SYNTHETIC_MUTATION
MAT-0186,CPSE_05,CAN-036,MAT-52699,HEX HEAD STAINLESS STEEL 10.9,EA,SAP_ECC,REC-186,synthetic_generator,186,2026-09-18T22:42:29.604208,2.0,SYNTHETIC
MAT-0187,CPSE_04,CAN-036,MAT-10477,HEX HEAD SS 10.9,No,SAP_ECC,REC-187,synthetic_generator,187,2026-09-18T22:42:29.604253,2.0,SYNTHETIC
MAT-0188,CPSE_02,CAN-036,MAT-24739,HEX HEAD STAINLESS STEEL 10.9,No.,SAP_ECC,REC-188,synthetic_generator,188,2026-09-18T22:42:29.604287,2.0,SYNTHETIC
MAT-0189,CPSE_05,CAN-036,MAT-93376,HEX HEAD SS 10.9,No.,SAP_ECC,REC-189,synthetic_generator,189,2026-09-18T22:42:29.604339,2.0,SYNTHETIC
MAT-0190,CPSE_04,CAN-036,MAT-29524,HEX HEAD STAINLESS STEEL 10.9,Nos,SAP_ECC,REC-190,synthetic_generator,190,2026-09-18T22:42:29.604387,2.0,SYNTHETIC
MAT-0191,CPSE_01,CAN-036,MAT-42873,HEX HEAD STAINLESS STEEL,Nos,SAP_ECC,REC-191,synthetic_generator,191,2026-09-18T22:42:29.604426,2.0,SYNTHETIC
MAT-0192,CPSE_03,CAN-036,MAT-13004,HEX HEAD STAINLESS STEEL,Nos,SAP_ECC,REC-192,synthetic_generator,192,2026-09-18T22:42:29.604460,2.0,SYNTHETIC
MAT-0193,CPSE_05,CAN-036,MAT-89920,HEX HEAD S.S. 10.9,PCS,SAP_S4HANA,REC-193,synthetic_generator,193,2026-09-18T22:42:29.604499,2.0,SYNTHETIC
MAT-0194,CPSE_03,CAN-037,MAT-59724,STUD BOLT STAINLESS STEEL 8.8,Nos.,SAP_S4HANA,REC-194,synthetic_generator,194,2026-09-18T22:42:29.604783,2.0,SYNTHETIC
MAT-0195,CPSE_05,CAN-037,MAT-98473,STUD BOLT S.S. 8.8,EA,SAP_S4HANA,REC-195,synthetic_generator,195,2026-09-18T22:42:29.604827,2.0,SYNTHETIC
MAT-0196,CPSE_01,CAN-037,MAT-28769,STUD BOLT S.S.,Nos,SAP_S4HANA,REC-196,synthetic_generator,196,2026-09-18T22:42:29.604869,2.0,SYNTHETIC
MAT-CF-0042,CPSE_01,CAN-037_VARIANT,MAT-38167,STUD BOLT STAINLESS STEEL 8.8X,Nos,SAP_ECC,REC-CF-42,synthetic_generator,196,2026-09-18T22:42:29.604936,2.0,SYNTHETIC_MUTATION
MAT-0197,CPSE_03,CAN-037,MAT-82453,STUD BOLT S.S.,EA,SAP_ECC,REC-197,synthetic_generator,197,2026-09-18T22:42:29.604981,2.0,SYNTHETIC
MAT-CF-0043,CPSE_03,CAN-037_VARIANT,MAT-46606,STUD BOLT STAINLESS STEEL 8.8X,EA,SAP_ECC,REC-CF-43,synthetic_generator,197,2026-09-18T22:42:29.605043,2.0,SYNTHETIC_MUTATION
MAT-0198,CPSE_05,CAN-037,MAT-15720,STUD BOLT STAINLESS STEEL 8.8,no,SAP_S4HANA,REC-198,synthetic_generator,198,2026-09-18T22:42:29.605079,2.0,SYNTHETIC
MAT-0199,CPSE_04,CAN-037,MAT-81123,STUD BOLT S.S. 8.8,no,SAP_ECC,REC-199,synthetic_generator,199,2026-09-18T22:42:29.605117,2.0,SYNTHETIC
MAT-0200,CPSE_05,CAN-037,MAT-14894,STUD BOLT STAINLESS STEEL,Nos.,SAP_S4HANA,REC-200,synthetic_generator,200,2026-09-18T22:42:29.605153,2.0,SYNTHETIC
MAT-0201,CPSE_02,CAN-038,MAT-27146,HEX HEAD CS B7,no,SAP_ECC,REC-201,synthetic_generator,201,2026-09-18T22:42:29.605428,2.0,SYNTHETIC
MAT-0202,CPSE_01,CAN-038,MAT-37435,HEX HEAD CARBON STEEL,No.,SAP_S4HANA,REC-202,synthetic_generator,202,2026-09-18T22:42:29.605469,2.0,SYNTHETIC
MAT-0203,CPSE_01,CAN-038,MAT-82291,HEX HEAD CARBON STEEL B7,No.,SAP_ECC,REC-203,synthetic_generator,203,2026-09-18T22:42:29.605505,2.0,SYNTHETIC
MAT-CF-0044,CPSE_01,CAN-038_VARIANT,MAT-41646,HEX HEAD CARBON STEEL B7X,No.,SAP_ECC,REC-CF-44,synthetic_generator,203,2026-09-18T22:42:29.605563,2.0,SYNTHETIC_MUTATION
MAT-0204,CPSE_05,CAN-038,MAT-76320,HEX HEAD CARBON STEEL B7,no,SAP_ECC,REC-204,synthetic_generator,204,2026-09-18T22:42:29.605598,2.0,SYNTHETIC
MAT-0205,CPSE_01,CAN-039,MAT-38780,STUD BOLT CARBON STEEL B7,Nos,SAP_ECC,REC-205,synthetic_generator,205,2026-09-18T22:42:29.605901,2.0,SYNTHETIC
MAT-CF-0045,CPSE_01,CAN-039_VARIANT,MAT-97059,STUD BOLT CARBON STEEL B7X,Nos,SAP_ECC,REC-CF-45,synthetic_generator,205,2026-09-18T22:42:29.605951,2.0,SYNTHETIC_MUTATION
MAT-0206,CPSE_01,CAN-039,MAT-68600,STUD BOLT CARBON STEEL B7,PCS,SAP_ECC,REC-206,synthetic_generator,206,2026-09-18T22:42:29.605973,2.0,SYNTHETIC
MAT-CF-0046,CPSE_01,CAN-039_VARIANT,MAT-21489,STUD BOLT CARBON STEEL B7X,PCS,SAP_ECC,REC-CF-46,synthetic_generator,206,2026-09-18T22:42:29.606005,2.0,SYNTHETIC_MUTATION
MAT-0207,CPSE_04,CAN-039,MAT-26067,STUD BOLT CS B7,EACH,SAP_ECC,REC-207,synthetic_generator,207,2026-09-18T22:42:29.606029,2.0,SYNTHETIC
MAT-0208,CPSE_05,CAN-039,MAT-89822,STUD BOLT CARBON STEEL B7,Nos.,SAP_S4HANA,REC-208,synthetic_generator,208,2026-09-18T22:42:29.606048,2.0,SYNTHETIC
MAT-0209,CPSE_05,CAN-039,MAT-50268,STUD BOLT CARBON STEEL B7,no,SAP_S4HANA,REC-209,synthetic_generator,209,2026-09-18T22:42:29.606066,2.0,SYNTHETIC
MAT-0210,CPSE_03,CAN-040,MAT-22012,STUD BOLT C.S. 8.8,no,SAP_ECC,REC-210,synthetic_generator,210,2026-09-18T22:42:29.606270,2.0,SYNTHETIC
MAT-0211,CPSE_02,CAN-040,MAT-66293,STUD BOLT CARBON STEEL,Nos.,SAP_S4HANA,REC-211,synthetic_generator,211,2026-09-18T22:42:29.606296,2.0,SYNTHETIC
MAT-CF-0047,CPSE_02,CAN-040_VARIANT,MAT-32893,STUD BOLT CARBON STEEL 8.8X,Nos.,SAP_ECC,REC-CF-47,synthetic_generator,211,2026-09-18T22:42:29.606332,2.0,SYNTHETIC_MUTATION
MAT-0212,CPSE_01,CAN-040,MAT-22365,STUD BOLT CS,EACH,SAP_ECC,REC-212,synthetic_generator,212,2026-09-18T22:42:29.606357,2.0,SYNTHETIC
MAT-0213,CPSE_03,CAN-040,MAT-75400,STUD BOLT CS 8.8,PCS,SAP_S4HANA,REC-213,synthetic_generator,213,2026-09-18T22:42:29.606384,2.0,SYNTHETIC
MAT-0214,CPSE_03,CAN-040,MAT-28934,STUD BOLT CS,PCS,SAP_ECC,REC-214,synthetic_generator,214,2026-09-18T22:42:29.606407,2.0,SYNTHETIC
MAT-0215,CPSE_02,CAN-041,MAT-83755,CONTROL CABLE 4 CORE 2.5 SQ.MM 11 KV,m,SAP_S4HANA,REC-215,synthetic_generator,215,2026-09-18T22:42:29.606598,2.0,SYNTHETIC
MAT-0216,CPSE_02,CAN-041,MAT-27585,CONTROL CABLE 4 CORE 2.5 SQ.MM 11 KV,MTR,SAP_S4HANA,REC-216,synthetic_generator,216,2026-09-18T22:42:29.606623,2.0,SYNTHETIC
MAT-CF-0048,CPSE_02,CAN-041_VARIANT,MAT-81389,CONTROL CABLE 4 CORE 2.5 SQ.MM 11 KVX,MTR,SAP_ECC,REC-CF-48,synthetic_generator,216,2026-09-18T22:42:29.606670,2.0,SYNTHETIC_MUTATION
MAT-0217,CPSE_03,CAN-041,MAT-15123,CONTROL CABLE 4 CORE 2.5 SQ.MM 11 KV,MTR,SAP_S4HANA,REC-217,synthetic_generator,217,2026-09-18T22:42:29.606690,2.0,SYNTHETIC
MAT-CF-0049,CPSE_03,CAN-041_VARIANT,MAT-53918,CONTROL CABLE 4 CORE 2.5 SQ.MM 11 KVX,MTR,SAP_ECC,REC-CF-49,synthetic_generator,217,2026-09-18T22:42:29.606732,2.0,SYNTHETIC_MUTATION
MAT-0218,CPSE_03,CAN-041,MAT-77841,CONTROL CABLE 4 CORE 2.5 SQ.MM 11 KV,Meter,SAP_S4HANA,REC-218,synthetic_generator,218,2026-09-18T22:42:29.606753,2.0,SYNTHETIC
MAT-0219,CPSE_05,CAN-041,MAT-83109,CONTROL CABLE 4 CORE 2.5 SQ.MM 11 KV,m,SAP_S4HANA,REC-219,synthetic_generator,219,2026-09-18T22:42:29.606772,2.0,SYNTHETIC
MAT-0220,CPSE_05,CAN-041,MAT-51959,CONTROL CABLE 4 CORE 2.5 SQ.MM 11,M,SAP_S4HANA,REC-220,synthetic_generator,220,2026-09-18T22:42:29.606793,2.0,SYNTHETIC
MAT-0221,CPSE_01,CAN-041,MAT-64398,CONTROL CABLE 4 CORE 2.5 SQ.MM 11,M,SAP_S4HANA,REC-221,synthetic_generator,221,2026-09-18T22:42:29.606822,2.0,SYNTHETIC
MAT-CF-0050,CPSE_01,CAN-041_VARIANT,MAT-11930,CONTROL CABLE 4 CORE 2.5 SQ.MM 11 KVX,M,SAP_ECC,REC-CF-50,synthetic_generator,221,2026-09-18T22:42:29.606865,2.0,SYNTHETIC_MUTATION
MAT-0222,CPSE_05,CAN-041,MAT-70881,CONTROL CABLE 4 CORE 2.5 SQ.MM 11,Meter,SAP_ECC,REC-222,synthetic_generator,222,2026-09-18T22:42:29.606889,2.0,SYNTHETIC
MAT-0223,CPSE_04,CAN-042,MAT-16727,CONTROL CABLE 4 CORE 1.5 SQ.MM 11,MTR,SAP_S4HANA,REC-223,synthetic_generator,223,2026-09-18T22:42:29.607076,2.0,SYNTHETIC
MAT-CF-0051,CPSE_04,CAN-042_VARIANT,MAT-62554,CONTROL CABLE 4 CORE 1.5 SQ.MM 11 KVX,MTR,SAP_ECC,REC-CF-51,synthetic_generator,223,2026-09-18T22:42:29.607125,2.0,SYNTHETIC_MUTATION
MAT-0224,CPSE_02,CAN-042,MAT-75801,CONTROL CABLE 4 CORE 1.5 SQ.MM 11,m,SAP_ECC,REC-224,synthetic_generator,224,2026-09-18T22:42:29.607152,2.0,SYNTHETIC
MAT-0225,CPSE_03,CAN-042,MAT-25898,CONTROL CABLE 4 CORE 1.5 SQ.MM 11,m,SAP_S4HANA,REC-225,synthetic_generator,225,2026-09-18T22:42:29.607178,2.0,SYNTHETIC
MAT-CF-0052,CPSE_03,CAN-042_VARIANT,MAT-60576,CONTROL CABLE 4 CORE 1.5 SQ.MM 11 KVX,m,SAP_ECC,REC-CF-52,synthetic_generator,225,2026-09-18T22:42:29.607221,2.0,SYNTHETIC_MUTATION
MAT-0226,CPSE_02,CAN-042,MAT-37156,CONTROL CABLE 4 CORE 1.5 SQ.MM 11 KV,Meter,SAP_S4HANA,REC-226,synthetic_generator,226,2026-09-18T22:42:29.607242,2.0,SYNTHETIC
MAT-0227,CPSE_01,CAN-043,MAT-84287,CONTROL CABLE 12 CORE 1.5 SQ.MM 11 KV,m,SAP_ECC,REC-227,synthetic_generator,227,2026-09-18T22:42:29.607423,2.0,SYNTHETIC
MAT-CF-0053,CPSE_01,CAN-043_VARIANT,MAT-37856,CONTROL CABLE 12 CORE 1.5 SQ.MM 11 KVX,m,SAP_ECC,REC-CF-53,synthetic_generator,227,2026-09-18T22:42:29.607478,2.0,SYNTHETIC_MUTATION
MAT-0228,CPSE_05,CAN-043,MAT-23674,CONTROL CABLE 12 CORE 1.5 SQ.MM 11,M,SAP_S4HANA,REC-228,synthetic_generator,228,2026-09-18T22:42:29.607503,2.0,SYNTHETIC
MAT-0229,CPSE_04,CAN-043,MAT-83475,CONTROL CABLE 12 CORE 1.5 SQ.MM 11 KV,M,SAP_S4HANA,REC-229,synthetic_generator,229,2026-09-18T22:42:29.607524,2.0,SYNTHETIC
MAT-0230,CPSE_04,CAN-043,MAT-55121,CONTROL CABLE 12 CORE 1.5 SQ.MM 11,MTR,SAP_S4HANA,REC-230,synthetic_generator,230,2026-09-18T22:42:29.607545,2.0,SYNTHETIC
MAT-0231,CPSE_05,CAN-043,MAT-14005,CONTROL CABLE 12 CORE 1.5 SQ.MM 11,m,SAP_ECC,REC-231,synthetic_generator,231,2026-09-18T22:42:29.607566,2.0,SYNTHETIC
MAT-0232,CPSE_03,CAN-044,MAT-78711,POWER CABLE 4 CORE 2.5 SQ.MM 11 KV,m,SAP_S4HANA,REC-232,synthetic_generator,232,2026-09-18T22:42:29.607742,2.0,SYNTHETIC
MAT-0233,CPSE_04,CAN-044,MAT-34375,POWER CABLE 4 CORE 2.5 SQ.MM 11,m,SAP_S4HANA,REC-233,synthetic_generator,233,2026-09-18T22:42:29.607783,2.0,SYNTHETIC
MAT-CF-0054,CPSE_04,CAN-044_VARIANT,MAT-73602,POWER CABLE 4 CORE 2.5 SQ.MM 11 KVX,m,SAP_ECC,REC-CF-54,synthetic_generator,233,2026-09-18T22:42:29.607830,2.0,SYNTHETIC_MUTATION
MAT-0234,CPSE_05,CAN-044,MAT-52339,POWER CABLE 4 CORE 2.5 SQ.MM 11,MTR,SAP_ECC,REC-234,synthetic_generator,234,2026-09-18T22:42:29.607859,2.0,SYNTHETIC
MAT-0235,CPSE_02,CAN-044,MAT-97759,POWER CABLE 4 CORE 2.5 SQ.MM 11 KV,M,SAP_S4HANA,REC-235,synthetic_generator,235,2026-09-18T22:42:29.607880,2.0,SYNTHETIC
MAT-0236,CPSE_04,CAN-044,MAT-92202,POWER CABLE 4 CORE 2.5 SQ.MM 11 KV,M,SAP_ECC,REC-236,synthetic_generator,236,2026-09-18T22:42:29.607903,2.0,SYNTHETIC
MAT-0237,CPSE_05,CAN-044,MAT-27042,POWER CABLE 4 CORE 2.5 SQ.MM 11,M,SAP_ECC,REC-237,synthetic_generator,237,2026-09-18T22:42:29.607923,2.0,SYNTHETIC
MAT-0238,CPSE_02,CAN-045,MAT-22176,CONTROL CABLE 3 CORE 2.5 SQ.MM 3.3,m,SAP_S4HANA,REC-238,synthetic_generator,238,2026-09-18T22:42:29.608108,2.0,SYNTHETIC
MAT-0239,CPSE_04,CAN-045,MAT-61537,CONTROL CABLE 3 CORE 2.5 SQ.MM 3.3 KV,Meter,SAP_S4HANA,REC-239,synthetic_generator,239,2026-09-18T22:42:29.608130,2.0,SYNTHETIC
MAT-CF-0055,CPSE_04,CAN-045_VARIANT,MAT-18081,CONTROL CABLE 3 CORE 2.5 SQ.MM 3.3 KVX,Meter,SAP_ECC,REC-CF-55,synthetic_generator,239,2026-09-18T22:42:29.608177,2.0,SYNTHETIC_MUTATION
MAT-0240,CPSE_01,CAN-045,MAT-62243,CONTROL CABLE 3 CORE 2.5 SQ.MM 3.3,M,SAP_ECC,REC-240,synthetic_generator,240,2026-09-18T22:42:29.608202,2.0,SYNTHETIC
MAT-0241,CPSE_01,CAN-045,MAT-28828,CONTROL CABLE 3 CORE 2.5 SQ.MM 3.3 KV,m,SAP_S4HANA,REC-241,synthetic_generator,241,2026-09-18T22:42:29.608223,2.0,SYNTHETIC
MAT-0242,CPSE_01,CAN-045,MAT-25742,CONTROL CABLE 3 CORE 2.5 SQ.MM 3.3,M,SAP_S4HANA,REC-242,synthetic_generator,242,2026-09-18T22:42:29.608245,2.0,SYNTHETIC
MAT-0243,CPSE_05,CAN-045,MAT-13888,CONTROL CABLE 3 CORE 2.5 SQ.MM 3.3 KV,m,SAP_ECC,REC-243,synthetic_generator,243,2026-09-18T22:42:29.608264,2.0,SYNTHETIC
MAT-0244,CPSE_05,CAN-046,MAT-22269,CONTROL CABLE 4 CORE 2.5 SQ.MM 3.3 KV,m,SAP_S4HANA,REC-244,synthetic_generator,244,2026-09-18T22:42:29.608445,2.0,SYNTHETIC
MAT-0245,CPSE_04,CAN-046,MAT-43265,CONTROL CABLE 4 CORE 2.5 SQ.MM 3.3 KV,m,SAP_ECC,REC-245,synthetic_generator,245,2026-09-18T22:42:29.608473,2.0,SYNTHETIC
MAT-0246,CPSE_01,CAN-046,MAT-93143,CONTROL CABLE 4 CORE 2.5 SQ.MM 3.3 KV,M,SAP_ECC,REC-246,synthetic_generator,246,2026-09-18T22:42:29.608494,2.0,SYNTHETIC
MAT-CF-0056,CPSE_01,CAN-046_VARIANT,MAT-73035,CONTROL CABLE 4 CORE 2.5 SQ.MM 3.3 KVX,M,SAP_ECC,REC-CF-56,synthetic_generator,246,2026-09-18T22:42:29.608544,2.0,SYNTHETIC_MUTATION
MAT-0247,CPSE_02,CAN-046,MAT-92135,CONTROL CABLE 4 CORE 2.5 SQ.MM 3.3 KV,MTR,SAP_S4HANA,REC-247,synthetic_generator,247,2026-09-18T22:42:29.608566,2.0,SYNTHETIC
MAT-0248,CPSE_01,CAN-046,MAT-64539,CONTROL CABLE 4 CORE 2.5 SQ.MM 3.3 KV,MTR,SAP_S4HANA,REC-248,synthetic_generator,248,2026-09-18T22:42:29.608586,2.0,SYNTHETIC
MAT-0249,CPSE_01,CAN-046,MAT-36176,CONTROL CABLE 4 CORE 2.5 SQ.MM 3.3 KV,M,SAP_S4HANA,REC-249,synthetic_generator,249,2026-09-18T22:42:29.608607,2.0,SYNTHETIC
MAT-0250,CPSE_04,CAN-046,MAT-39872,CONTROL CABLE 4 CORE 2.5 SQ.MM 3.3 KV,Meter,SAP_ECC,REC-250,synthetic_generator,250,2026-09-18T22:42:29.608629,2.0,SYNTHETIC
MAT-0251,CPSE_04,CAN-046,MAT-77167,CONTROL CABLE 4 CORE 2.5 SQ.MM 3.3,M,SAP_S4HANA,REC-251,synthetic_generator,251,2026-09-18T22:42:29.608651,2.0,SYNTHETIC
MAT-0252,CPSE_05,CAN-047,MAT-37484,POWER CABLE 4 CORE 240 SQ.MM 3.3,Meter,SAP_ECC,REC-252,synthetic_generator,252,2026-09-18T22:42:29.608830,2.0,SYNTHETIC
MAT-0253,CPSE_05,CAN-047,MAT-19716,POWER CABLE 4 CORE 240 SQ.MM 3.3 KV,MTR,SAP_ECC,REC-253,synthetic_generator,253,2026-09-18T22:42:29.608856,2.0,SYNTHETIC
MAT-CF-0057,CPSE_05,CAN-047_VARIANT,MAT-77516,POWER CABLE 4 CORE 240 SQ.MM 3.3 KVX,MTR,SAP_ECC,REC-CF-57,synthetic_generator,253,2026-09-18T22:42:29.608910,2.0,SYNTHETIC_MUTATION
MAT-0254,CPSE_03,CAN-047,MAT-39052,POWER CABLE 4 CORE 240 SQ.MM 3.3 KV,M,SAP_S4HANA,REC-254,synthetic_generator,254,2026-09-18T22:42:29.608930,2.0,SYNTHETIC
MAT-0255,CPSE_01,CAN-047,MAT-85620,POWER CABLE 4 CORE 240 SQ.MM 3.3 KV,MTR,SAP_S4HANA,REC-255,synthetic_generator,255,2026-09-18T22:42:29.608951,2.0,SYNTHETIC
MAT-CF-0058,CPSE_01,CAN-047_VARIANT,MAT-40665,POWER CABLE 4 CORE 240 SQ.MM 3.3 KVX,MTR,SAP_ECC,REC-CF-58,synthetic_generator,255,2026-09-18T22:42:29.608994,2.0,SYNTHETIC_MUTATION
MAT-0256,CPSE_04,CAN-047,MAT-41789,POWER CABLE 4 CORE 240 SQ.MM 3.3,M,SAP_ECC,REC-256,synthetic_generator,256,2026-09-18T22:42:29.609015,2.0,SYNTHETIC
MAT-0257,CPSE_05,CAN-047,MAT-35810,POWER CABLE 4 CORE 240 SQ.MM 3.3 KV,M,SAP_S4HANA,REC-257,synthetic_generator,257,2026-09-18T22:42:29.609034,2.0,SYNTHETIC
MAT-0258,CPSE_03,CAN-047,MAT-73072,POWER CABLE 4 CORE 240 SQ.MM 3.3 KV,Meter,SAP_S4HANA,REC-258,synthetic_generator,258,2026-09-18T22:42:29.609058,2.0,SYNTHETIC
MAT-0259,CPSE_02,CAN-047,MAT-35737,POWER CABLE 4 CORE 240 SQ.MM 3.3 KV,m,SAP_ECC,REC-259,synthetic_generator,259,2026-09-18T22:42:29.609076,2.0,SYNTHETIC
MAT-0260,CPSE_03,CAN-048,MAT-60543,CONTROL CABLE 12 CORE 240 SQ.MM 11 KV,m,SAP_ECC,REC-260,synthetic_generator,260,2026-09-18T22:42:29.609252,2.0,SYNTHETIC
MAT-0261,CPSE_05,CAN-048,MAT-40927,CONTROL CABLE 12 CORE 240 SQ.MM 11,M,SAP_ECC,REC-261,synthetic_generator,261,2026-09-18T22:42:29.609280,2.0,SYNTHETIC
MAT-0262,CPSE_02,CAN-048,MAT-94827,CONTROL CABLE 12 CORE 240 SQ.MM 11,m,SAP_ECC,REC-262,synthetic_generator,262,2026-09-18T22:42:29.609309,2.0,SYNTHETIC
MAT-0263,CPSE_03,CAN-049,MAT-80450,CONTROL CABLE 4 CORE 2.5 SQ.MM 3.3 KV,Meter,SAP_ECC,REC-263,synthetic_generator,263,2026-09-18T22:42:29.609483,2.0,SYNTHETIC
MAT-0264,CPSE_02,CAN-049,MAT-48388,CONTROL CABLE 4 CORE 2.5 SQ.MM 3.3 KV,MTR,SAP_ECC,REC-264,synthetic_generator,264,2026-09-18T22:42:29.609509,2.0,SYNTHETIC
MAT-0265,CPSE_02,CAN-049,MAT-58918,CONTROL CABLE 4 CORE 2.5 SQ.MM 3.3 KV,m,SAP_ECC,REC-265,synthetic_generator,265,2026-09-18T22:42:29.609529,2.0,SYNTHETIC
MAT-0266,CPSE_03,CAN-049,MAT-77188,CONTROL CABLE 4 CORE 2.5 SQ.MM 3.3 KV,MTR,SAP_ECC,REC-266,synthetic_generator,266,2026-09-18T22:42:29.609548,2.0,SYNTHETIC
MAT-0267,CPSE_04,CAN-049,MAT-75069,CONTROL CABLE 4 CORE 2.5 SQ.MM 3.3 KV,m,SAP_S4HANA,REC-267,synthetic_generator,267,2026-09-18T22:42:29.609568,2.0,SYNTHETIC
MAT-0268,CPSE_02,CAN-050,MAT-26192,POWER CABLE 3 CORE 1.5 SQ.MM 1.1,M,SAP_ECC,REC-268,synthetic_generator,268,2026-09-18T22:42:29.609748,2.0,SYNTHETIC
MAT-CF-0059,CPSE_02,CAN-050_VARIANT,MAT-66237,POWER CABLE 3 CORE 1.5 SQ.MM 1.1 KVX,M,SAP_ECC,REC-CF-59,synthetic_generator,268,2026-09-18T22:42:29.609812,2.0,SYNTHETIC_MUTATION
MAT-0269,CPSE_02,CAN-050,MAT-20827,POWER CABLE 3 CORE 1.5 SQ.MM 1.1,Meter,SAP_ECC,REC-269,synthetic_generator,269,2026-09-18T22:42:29.609839,2.0,SYNTHETIC
MAT-0270,CPSE_05,CAN-050,MAT-77622,POWER CABLE 3 CORE 1.5 SQ.MM 1.1 KV,m,SAP_ECC,REC-270,synthetic_generator,270,2026-09-18T22:42:29.609860,2.0,SYNTHETIC
