cpse_id,material_id,plant,storage_location,stock_type,stock_qty,stock_uom
CPSE_04,MAT-0001,PL-35,SL-1003,Unrestricted,172,EA
CPSE_02,MAT-0002,PL-57,SL-1000,Unrestricted,23,EA
CPSE_03,MAT-0003,PL-67,SL-1004,Unrestricted,237,EA
CPSE_05,MAT-0004,PL-83,SL-1002,Unrestricted,358,NOS
CPSE_04,MAT-0005,PL-75,SL-1003,Unrestricted,437,EA
CPSE_03,MAT-0006,PL-54,SL-1001,Unrestricted,234,EA
CPSE_01,MAT-0007,PL-71,SL-1005,Unrestricted,237,NOS
CPSE_04,MAT-0008,PL-28,SL-1000,Unrestricted,190,PCS
CPSE_03,MAT-0009,PL-64,SL-1004,Unrestricted,161,EA
CPSE_03,MAT-0010,PL-18,SL-1000,Unrestricted,424,NOS
CPSE_05,MAT-0011,PL-80,SL-1003,Unrestricted,472,EA
CPSE_02,MAT-0012,PL-22,SL-1003,Unrestricted,243,NOS
CPSE_03,MAT-0013,PL-56,SL-1005,Unrestricted,69,EA
CPSE_04,MAT-0014,PL-14,SL-1005,Unrestricted,445,NOS
CPSE_05,MAT-0015,PL-53,SL-1000,Unrestricted,178,NOS
CPSE_03,MAT-0016,PL-36,SL-1003,Unrestricted,218,EA
CPSE_04,MAT-0017,PL-12,SL-1001,Unrestricted,139,NOS
CPSE_02,MAT-0018,PL-31,SL-1003,Unrestricted,441,PCS
CPSE_02,MAT-0019,PL-65,SL-1002,Unrestricted,278,PCS
CPSE_03,MAT-0020,PL-38,SL-1004,Unrestricted,423,NOS
CPSE_01,MAT-0021,PL-40,SL-1001,Unrestricted,313,PCS
CPSE_05,MAT-0022,PL-13,SL-1002,Unrestricted,457,EA
CPSE_04,MAT-0023,PL-46,SL-1004,Unrestricted,420,EA
CPSE_03,MAT-0024,PL-81,SL-1004,Unrestricted,242,EA
CPSE_01,MAT-0025,PL-69,SL-1002,Unrestricted,193,NOS
CPSE_04,MAT-0026,PL-93,SL-1005,Unrestricted,107,NOS
CPSE_05,MAT-0027,PL-14,SL-1003,Unrestricted,479,NOS
CPSE_01,MAT-0028,PL-98,SL-1001,Unrestricted,144,PCS
CPSE_05,MAT-0029,PL-93,SL-1002,Unrestricted,315,PCS
CPSE_04,MAT-0030,PL-90,SL-1000,Unrestricted,105,NOS
CPSE_05,MAT-0031,PL-70,SL-1004,Unrestricted,485,Meter
CPSE_01,MAT-0032,PL-93,SL-1003,Unrestricted,430,MTR
CPSE_04,MAT-0033,PL-62,SL-1004,Unrestricted,382,M
CPSE_05,MAT-0034,PL-87,SL-1000,Unrestricted,101,Meter
CPSE_02,MAT-0035,PL-97,SL-1001,Unrestricted,308,MTR
CPSE_03,MAT-0036,PL-98,SL-1003,Unrestricted,235,Meter
CPSE_05,MAT-0037,PL-49,SL-1005,Unrestricted,6,Meter
CPSE_03,MAT-0038,PL-44,SL-1001,Unrestricted,481,M
CPSE_01,MAT-0039,PL-63,SL-1001,Unrestricted,401,MTR
CPSE_04,MAT-0040,PL-39,SL-1003,Unrestricted,310,M
CPSE_05,MAT-0041,PL-13,SL-1003,Unrestricted,92,Meter
CPSE_01,MAT-0042,PL-47,SL-1000,Unrestricted,15,M
CPSE_03,MAT-0043,PL-93,SL-1000,Unrestricted,6,Meter
CPSE_05,MAT-0044,PL-31,SL-1003,Unrestricted,223,Meter
CPSE_02,MAT-0045,PL-80,SL-1002,Unrestricted,0,M
CPSE_02,MAT-0046,PL-87,SL-1002,Unrestricted,253,MTR
CPSE_05,MAT-0047,PL-70,SL-1005,Unrestricted,241,Meter
CPSE_01,MAT-0048,PL-76,SL-1004,Unrestricted,383,M
CPSE_05,MAT-0049,PL-94,SL-1000,Unrestricted,279,MTR
CPSE_01,MAT-0050,PL-89,SL-1003,Unrestricted,228,M
CPSE_02,MAT-0051,PL-68,SL-1001,Unrestricted,45,M
CPSE_05,MAT-0052,PL-86,SL-1004,Unrestricted,237,M
CPSE_03,MAT-0053,PL-48,SL-1001,Unrestricted,424,Meter
CPSE_04,MAT-0054,PL-95,SL-1003,Unrestricted,165,M
CPSE_05,MAT-0055,PL-52,SL-1001,Unrestricted,390,Meter
CPSE_01,MAT-0056,PL-13,SL-1003,Unrestricted,367,M
CPSE_02,MAT-0057,PL-17,SL-1003,Unrestricted,7,MTR
CPSE_01,MAT-0058,PL-59,SL-1005,Unrestricted,273,MTR
CPSE_04,MAT-0059,PL-68,SL-1004,Unrestricted,182,M
CPSE_05,MAT-0060,PL-27,SL-1003,Unrestricted,319,M
CPSE_03,MAT-0061,PL-99,SL-1001,Unrestricted,249,PCS
CPSE_01,MAT-0062,PL-86,SL-1005,Unrestricted,120,NOS
CPSE_02,MAT-0063,PL-89,SL-1003,Unrestricted,420,EA
CPSE_01,MAT-0064,PL-67,SL-1001,Unrestricted,355,EA
CPSE_05,MAT-0065,PL-47,SL-1000,Unrestricted,209,NOS
CPSE_03,MAT-0066,PL-85,SL-1005,Unrestricted,328,EA
CPSE_05,MAT-0067,PL-95,SL-1004,Unrestricted,50,NOS
CPSE_03,MAT-0068,PL-53,SL-1003,Unrestricted,430,NOS
CPSE_04,MAT-0069,PL-10,SL-1002,Unrestricted,289,EA
CPSE_05,MAT-0070,PL-19,SL-1003,Unrestricted,367,NOS
CPSE_03,MAT-0071,PL-83,SL-1003,Unrestricted,428,EA
CPSE_04,MAT-0072,PL-45,SL-1004,Unrestricted,52,EA
CPSE_04,MAT-0073,PL-72,SL-1000,Unrestricted,203,NOS
CPSE_03,MAT-0074,PL-26,SL-1001,Unrestricted,258,NOS
CPSE_02,MAT-0075,PL-16,SL-1005,Unrestricted,17,EA
CPSE_04,MAT-0076,PL-27,SL-1004,Unrestricted,422,NOS
CPSE_01,MAT-0077,PL-67,SL-1005,Unrestricted,400,PCS
CPSE_02,MAT-0078,PL-98,SL-1003,Unrestricted,94,EA
CPSE_04,MAT-0079,PL-37,SL-1003,Unrestricted,136,PCS
CPSE_05,MAT-0080,PL-32,SL-1002,Unrestricted,209,EA
CPSE_03,MAT-0081,PL-99,SL-1001,Unrestricted,174,PCS
CPSE_02,MAT-0082,PL-67,SL-1001,Unrestricted,73,NOS
CPSE_01,MAT-0083,PL-65,SL-1003,Unrestricted,495,PCS
CPSE_03,MAT-0084,PL-51,SL-1001,Unrestricted,300,NOS
CPSE_04,MAT-0085,PL-70,SL-1005,Unrestricted,400,EA
CPSE_05,MAT-0086,PL-31,SL-1005,Unrestricted,7,NOS
CPSE_02,MAT-0087,PL-30,SL-1000,Unrestricted,126,EA
CPSE_02,MAT-0088,PL-62,SL-1000,Unrestricted,352,NOS
CPSE_04,MAT-0089,PL-29,SL-1004,Unrestricted,300,EA
CPSE_03,MAT-0090,PL-28,SL-1001,Unrestricted,462,PCS
CPSE_03,MAT-0091,PL-58,SL-1005,Unrestricted,125,Meter
CPSE_05,MAT-0092,PL-75,SL-1002,Unrestricted,127,MTR
CPSE_02,MAT-0093,PL-69,SL-1000,Unrestricted,349,M
CPSE_01,MAT-0094,PL-99,SL-1002,Unrestricted,40,M
CPSE_02,MAT-0095,PL-11,SL-1001,Unrestricted,48,M
CPSE_04,MAT-0096,PL-63,SL-1001,Unrestricted,83,Meter
CPSE_01,MAT-0097,PL-52,SL-1002,Unrestricted,443,M
CPSE_02,MAT-0098,PL-25,SL-1004,Unrestricted,59,MTR
CPSE_05,MAT-0099,PL-48,SL-1000,Unrestricted,206,M
CPSE_03,MAT-0100,PL-22,SL-1005,Unrestricted,326,M
CPSE_02,MAT-0101,PL-48,SL-1002,Unrestricted,179,M
CPSE_01,MAT-0102,PL-51,SL-1005,Unrestricted,90,M
CPSE_01,MAT-0103,PL-84,SL-1001,Unrestricted,125,M
CPSE_03,MAT-0104,PL-79,SL-1002,Unrestricted,417,M
CPSE_05,MAT-0105,PL-84,SL-1001,Unrestricted,261,MTR
CPSE_03,MAT-0106,PL-35,SL-1002,Unrestricted,271,MTR
CPSE_05,MAT-0107,PL-93,SL-1000,Unrestricted,142,M
CPSE_01,MAT-0108,PL-59,SL-1004,Unrestricted,148,MTR
CPSE_05,MAT-0109,PL-46,SL-1000,Unrestricted,61,MTR
CPSE_01,MAT-0110,PL-98,SL-1001,Unrestricted,153,M
CPSE_03,MAT-0111,PL-22,SL-1000,Unrestricted,161,Meter
CPSE_05,MAT-0112,PL-62,SL-1000,Unrestricted,364,MTR
CPSE_03,MAT-0113,PL-85,SL-1000,Unrestricted,394,M
CPSE_02,MAT-0114,PL-31,SL-1004,Unrestricted,160,Meter
CPSE_03,MAT-0115,PL-19,SL-1003,Unrestricted,107,Meter
CPSE_05,MAT-0116,PL-85,SL-1003,Unrestricted,124,M
CPSE_02,MAT-0117,PL-96,SL-1001,Unrestricted,253,M
CPSE_05,MAT-0118,PL-55,SL-1000,Unrestricted,302,M
CPSE_02,MAT-0119,PL-72,SL-1001,Unrestricted,124,Meter
CPSE_01,MAT-0120,PL-98,SL-1000,Unrestricted,327,Meter
