material_id,cpse_id,canonical_id,material_code,description,material_type,material_group,base_uom,manufacturer,manufacturer_part_number,source_system,source_table
MAT-0001,CPSE_04,CAN-001,P-8593,Gate Valve DN100 Carbon Steel Class 150,ERSA,MG-VALVE,EA,Manufacturer_B,PN-985,SAP_S4HANA,MARA
MAT-0002,CPSE_02,CAN-001,MAT-7692,GV 100 MM CS CL150,ERSA,MG-VALVE,EA,Manufacturer_B,PN-659,SAP_ECC,MARA
MAT-0003,CPSE_03,CAN-001,GV-5980,"gate 4"" vlv c.s. cl 150",ERSA,MG-VALVE,EA,Manufacturer_B,PN-839,SAP_ECC,MARA
MAT-0004,CPSE_05,CAN-002,ITM-3824,Gate Valve DN100 Carbon Steel Class 300,ERSA,MG-VALVE,NOS,Manufacturer_B,PN-103,ERP_GENERIC,MARA
MAT-0005,CPSE_04,CAN-002,P-2503,GV 100 MM CS CL300,ERSA,MG-VALVE,EA,Manufacturer_A,PN-431,SAP_ECC,MARA
MAT-0006,CPSE_03,CAN-002,GV-1213,"gate 4"" vlv c.s. cl 300",ERSA,MG-VALVE,EA,Manufacturer_C,PN-908,SAP_ECC,MARA
MAT-0007,CPSE_01,CAN-003,VAL-6628,Globe Valve DN50 Stainless Steel Class 150,ERSA,MG-VALVE,NOS,Manufacturer_B,PN-577,SAP_S4HANA,MARA
MAT-0008,CPSE_04,CAN-003,P-7428,GLV 50 MM SS CL150,ERSA,MG-VALVE,PCS,Manufacturer_A,PN-462,ERP_GENERIC,MARA
MAT-0009,CPSE_03,CAN-003,GV-1617,"globe 2"" v/v s.s. cl 150",ERSA,MG-VALVE,EA,Manufacturer_B,PN-133,SAP_S4HANA,MARA
MAT-0010,CPSE_03,CAN-004,GV-7792,Globe Valve DN80 Stainless Steel Class 150,ERSA,MG-VALVE,NOS,Manufacturer_A,PN-432,SAP_S4HANA,MARA
MAT-0011,CPSE_05,CAN-004,ITM-1369,GLV DN80 SS CL150,ERSA,MG-VALVE,EA,Manufacturer_B,PN-198,ERP_GENERIC,MARA
MAT-0012,CPSE_02,CAN-004,MAT-6857,globe dn80 v/v s.s. cl 150,ERSA,MG-VALVE,NOS,Manufacturer_A,PN-948,SAP_S4HANA,MARA
MAT-0013,CPSE_03,CAN-005,GV-4023,Ball Valve DN25 Brass PN16,ERSA,MG-VALVE,EA,Manufacturer_B,PN-311,SAP_S4HANA,MARA
MAT-0014,CPSE_04,CAN-005,P-8052,BALL VALVE DN25 BRASS PN16,ERSA,MG-VALVE,NOS,Manufacturer_B,PN-241,ERP_GENERIC,MARA
MAT-0015,CPSE_05,CAN-005,ITM-5012,ball dn25 valve brass pn16,ERSA,MG-VALVE,NOS,Manufacturer_C,PN-783,ERP_GENERIC,MARA
MAT-0016,CPSE_03,CAN-006,GV-8210,Butterfly Valve DN150 Cast Iron PN10,ERSA,MG-VALVE,EA,Manufacturer_A,PN-533,SAP_S4HANA,MARA
MAT-0017,CPSE_04,CAN-006,P-7596,BUTTERFLY VALVE DN150 CAST IRON PN10,ERSA,MG-VALVE,NOS,Manufacturer_C,PN-409,SAP_ECC,MARA
MAT-0018,CPSE_02,CAN-006,MAT-5995,butterfly dn150 valve cast iron pn10,ERSA,MG-VALVE,PCS,Manufacturer_B,PN-239,SAP_S4HANA,MARA
MAT-0019,CPSE_02,CAN-007,MAT-3679,Check Valve DN100 Carbon Steel Class 600,ERSA,MG-VALVE,PCS,Manufacturer_B,PN-884,ERP_GENERIC,MARA
MAT-0020,CPSE_03,CAN-007,GV-6910,CHECK VALVE 100 MM CS CLASS 600,ERSA,MG-VALVE,NOS,Manufacturer_B,PN-119,SAP_ECC,MARA
MAT-0021,CPSE_01,CAN-007,VAL-7666,"check 4"" valve c.s. class 600",ERSA,MG-VALVE,PCS,Manufacturer_A,PN-177,SAP_S4HANA,MARA
MAT-0022,CPSE_05,CAN-008,ITM-1237,Ball Valve DN50 Stainless Steel Class 150,ERSA,MG-VALVE,EA,Manufacturer_C,PN-479,ERP_GENERIC,MARA
MAT-0023,CPSE_04,CAN-008,P-9830,BALL VALVE 50 MM SS CL150,ERSA,MG-VALVE,EA,Manufacturer_A,PN-478,SAP_S4HANA,MARA
MAT-0024,CPSE_03,CAN-008,GV-9371,"ball 2"" valve s.s. cl 150",ERSA,MG-VALVE,EA,Manufacturer_A,PN-474,SAP_S4HANA,MARA
MAT-0025,CPSE_01,CAN-009,VAL-8852,Gate Valve DN200 Alloy Steel Class 900,ERSA,MG-VALVE,NOS,Manufacturer_A,PN-508,SAP_ECC,MARA
MAT-0026,CPSE_04,CAN-009,P-4703,GV DN200 ALLOY STEEL CLASS 900,ERSA,MG-VALVE,NOS,Manufacturer_A,PN-898,SAP_S4HANA,MARA
MAT-0027,CPSE_05,CAN-009,ITM-1474,gate dn200 vlv alloy steel class 900,ERSA,MG-VALVE,NOS,Manufacturer_B,PN-736,ERP_GENERIC,MARA
MAT-0028,CPSE_01,CAN-010,VAL-5066,Globe Valve DN100 Carbon Steel Class 300,ERSA,MG-VALVE,PCS,Manufacturer_A,PN-292,SAP_S4HANA,MARA
MAT-0029,CPSE_05,CAN-010,ITM-3978,GLV 100 MM CS CL300,ERSA,MG-VALVE,PCS,Manufacturer_A,PN-331,ERP_GENERIC,MARA
MAT-0030,CPSE_04,CAN-010,P-5088,"globe 4"" v/v c.s. cl 300",ERSA,MG-VALVE,NOS,Manufacturer_B,PN-624,SAP_S4HANA,MARA
MAT-0031,CPSE_05,CAN-011,ITM-4081,Carbon Steel DN100 API 5L Gr B SCH40,ERSA,MG-PIPE,Meter,Manufacturer_B,PN-120,SAP_ECC,MARA
MAT-0032,CPSE_01,CAN-011,VAL-7020,CS 100 MM API 5L GR B SCH40,ERSA,MG-PIPE,MTR,Manufacturer_A,PN-330,ERP_GENERIC,MARA
MAT-0033,CPSE_04,CAN-011,P-9567,"c.s. api 4"" 5l gr b sch40",ERSA,MG-PIPE,M,Manufacturer_B,PN-335,SAP_ECC,MARA
MAT-0034,CPSE_05,CAN-012,ITM-9464,Carbon Steel DN100 API 5L Gr B SCH80,ERSA,MG-PIPE,Meter,Manufacturer_B,PN-547,SAP_S4HANA,MARA
MAT-0035,CPSE_02,CAN-012,MAT-9307,CS 100 MM API 5L GR B SCH80,ERSA,MG-PIPE,MTR,Manufacturer_A,PN-851,SAP_ECC,MARA
MAT-0036,CPSE_03,CAN-012,GV-7217,"c.s. api 4"" 5l gr b sch80",ERSA,MG-PIPE,Meter,Manufacturer_B,PN-963,ERP_GENERIC,MARA
MAT-0037,CPSE_05,CAN-013,ITM-3317,Stainless Steel DN50 TP304 SCH10S,ERSA,MG-PIPE,Meter,Manufacturer_B,PN-400,ERP_GENERIC,MARA
MAT-0038,CPSE_03,CAN-013,GV-6089,SS 50 MM TP304 SCH10S,ERSA,MG-PIPE,M,Manufacturer_A,PN-590,SAP_S4HANA,MARA
MAT-0039,CPSE_01,CAN-013,VAL-6091,"s.s. tp304 2"" sch10s",ERSA,MG-PIPE,MTR,Manufacturer_C,PN-167,SAP_ECC,MARA
MAT-0040,CPSE_04,CAN-014,P-8710,Stainless Steel DN50 TP316L SCH10S,ERSA,MG-PIPE,M,Manufacturer_B,PN-339,SAP_S4HANA,MARA
MAT-0041,CPSE_05,CAN-014,ITM-8499,SS 50 MM TP316L SCH10S,ERSA,MG-PIPE,Meter,Manufacturer_A,PN-904,SAP_S4HANA,MARA
MAT-0042,CPSE_01,CAN-014,VAL-2313,"s.s. tp316l 2"" sch10s",ERSA,MG-PIPE,M,Manufacturer_B,PN-468,ERP_GENERIC,MARA
MAT-0043,CPSE_03,CAN-015,GV-1318,Alloy Steel DN150 P11 SCH160,ERSA,MG-PIPE,Meter,Manufacturer_C,PN-797,SAP_ECC,MARA
MAT-0044,CPSE_05,CAN-015,ITM-6906,ALLOY STEEL DN150 P11 SCH160,ERSA,MG-PIPE,Meter,Manufacturer_A,PN-303,ERP_GENERIC,MARA
MAT-0045,CPSE_02,CAN-015,MAT-2726,alloy dn150 steel p11 sch160,ERSA,MG-PIPE,M,Manufacturer_C,PN-614,SAP_S4HANA,MARA
MAT-0046,CPSE_02,CAN-016,MAT-7275,HDPE DN110 PE100 SDR11,ERSA,MG-PIPE,MTR,Manufacturer_C,PN-737,SAP_ECC,MARA
MAT-0047,CPSE_05,CAN-016,ITM-1136,HDPE DN110 PE100 SDR11,ERSA,MG-PIPE,Meter,Manufacturer_C,PN-562,SAP_S4HANA,MARA
MAT-0048,CPSE_01,CAN-016,VAL-2832,hdpe pe100 dn110 sdr11,ERSA,MG-PIPE,M,Manufacturer_B,PN-800,SAP_ECC,MARA
MAT-0049,CPSE_05,CAN-017,ITM-7966,Carbon Steel DN200 ASTM A106 Gr B SCH40,ERSA,MG-PIPE,MTR,Manufacturer_B,PN-219,ERP_GENERIC,MARA
MAT-0050,CPSE_01,CAN-017,VAL-8630,CS DN200 ASTM A106 GR B SCH40,ERSA,MG-PIPE,M,Manufacturer_C,PN-408,SAP_ECC,MARA
MAT-0051,CPSE_02,CAN-017,MAT-9037,c.s. astm dn200 a106 gr b sch40,ERSA,MG-PIPE,M,Manufacturer_C,PN-105,ERP_GENERIC,MARA
MAT-0052,CPSE_05,CAN-018,ITM-9084,Stainless Steel DN100 TP316L SCH40S,ERSA,MG-PIPE,M,Manufacturer_C,PN-264,ERP_GENERIC,MARA
MAT-0053,CPSE_03,CAN-018,GV-2664,SS 100 MM TP316L SCH40S,ERSA,MG-PIPE,Meter,Manufacturer_B,PN-855,SAP_S4HANA,MARA
MAT-0054,CPSE_04,CAN-018,P-8285,"s.s. tp316l 4"" sch40s",ERSA,MG-PIPE,M,Manufacturer_B,PN-408,SAP_S4HANA,MARA
MAT-0055,CPSE_05,CAN-019,ITM-5204,Galvanized Steel DN50 Grade B SCH40,ERSA,MG-PIPE,Meter,Manufacturer_B,PN-218,SAP_ECC,MARA
MAT-0056,CPSE_01,CAN-019,VAL-6018,GALVANIZED STEEL 50 MM GRADE B SCH40,ERSA,MG-PIPE,M,Manufacturer_A,PN-883,SAP_S4HANA,MARA
MAT-0057,CPSE_02,CAN-019,MAT-1964,"galvanized 2"" steel grade b sch40",ERSA,MG-PIPE,MTR,Manufacturer_A,PN-895,SAP_ECC,MARA
MAT-0058,CPSE_01,CAN-020,VAL-7766,PVC DN110 PVC-U PN16,ERSA,MG-PIPE,MTR,Manufacturer_B,PN-228,SAP_S4HANA,MARA
MAT-0059,CPSE_04,CAN-020,P-3325,PVC DN110 PVC-U PN16,ERSA,MG-PIPE,M,Manufacturer_A,PN-659,SAP_ECC,MARA
MAT-0060,CPSE_05,CAN-020,ITM-2418,pvc pvc-u dn110 pn16,ERSA,MG-PIPE,M,Manufacturer_C,PN-227,ERP_GENERIC,MARA
MAT-0061,CPSE_03,CAN-021,GV-2430,Hex Head M12 Carbon Steel 8.8 Coarse,ERSA,MG-BOLT,PCS,Manufacturer_B,PN-246,SAP_ECC,MARA
MAT-0062,CPSE_01,CAN-021,VAL-4652,HEX HEAD M12 CS 8.8 COARSE,ERSA,MG-BOLT,NOS,Manufacturer_C,PN-423,ERP_GENERIC,MARA
MAT-0063,CPSE_02,CAN-021,MAT-4246,hex m12 head c.s. 8.8 coarse,ERSA,MG-BOLT,EA,Manufacturer_B,PN-258,SAP_ECC,MARA
MAT-0064,CPSE_01,CAN-022,VAL-2179,Hex Head M12 Carbon Steel 8.8 Fine,ERSA,MG-BOLT,EA,Manufacturer_A,PN-944,SAP_ECC,MARA
MAT-0065,CPSE_05,CAN-022,ITM-4930,HEX HEAD M12 CS 8.8 FINE,ERSA,MG-BOLT,NOS,Manufacturer_A,PN-829,SAP_ECC,MARA
MAT-0066,CPSE_03,CAN-022,GV-9342,hex m12 head c.s. 8.8 fine,ERSA,MG-BOLT,EA,Manufacturer_B,PN-227,SAP_S4HANA,MARA
MAT-0067,CPSE_05,CAN-023,ITM-8886,Hex Head M20 Carbon Steel 8.8 Coarse,ERSA,MG-BOLT,NOS,Manufacturer_A,PN-599,SAP_ECC,MARA
MAT-0068,CPSE_03,CAN-023,GV-7182,HEX HEAD M20 CS 8.8 COARSE,ERSA,MG-BOLT,NOS,Manufacturer_A,PN-586,SAP_ECC,MARA
MAT-0069,CPSE_04,CAN-023,P-7836,hex m20 head c.s. 8.8 coarse,ERSA,MG-BOLT,EA,Manufacturer_C,PN-541,SAP_ECC,MARA
MAT-0070,CPSE_05,CAN-024,ITM-3588,Hex Head M20 Carbon Steel 10.9 Coarse,ERSA,MG-BOLT,NOS,Manufacturer_A,PN-827,SAP_ECC,MARA
MAT-0071,CPSE_03,CAN-024,GV-7036,HEX HEAD M20 CS 10.9 COARSE,ERSA,MG-BOLT,EA,Manufacturer_C,PN-235,SAP_S4HANA,MARA
MAT-0072,CPSE_04,CAN-024,P-8059,hex m20 head c.s. 10.9 coarse,ERSA,MG-BOLT,EA,Manufacturer_C,PN-141,SAP_ECC,MARA
MAT-0073,CPSE_04,CAN-025,P-8347,Stud Bolt 1/2 inch Alloy Steel B7 UNC,ERSA,MG-BOLT,NOS,Manufacturer_C,PN-414,SAP_ECC,MARA
MAT-0074,CPSE_03,CAN-025,GV-7732,STUD BOLT 1/2 INCH ALLOY STEEL B7 UNC,ERSA,MG-BOLT,NOS,Manufacturer_B,PN-897,SAP_ECC,MARA
MAT-0075,CPSE_02,CAN-025,MAT-1004,stud 1/2 bolt inch alloy steel b7 unc,ERSA,MG-BOLT,EA,Manufacturer_C,PN-806,SAP_S4HANA,MARA
MAT-0076,CPSE_04,CAN-026,P-2591,Stud Bolt 1/2 inch Stainless Steel B8 UNC,ERSA,MG-BOLT,NOS,Manufacturer_C,PN-353,ERP_GENERIC,MARA
MAT-0077,CPSE_01,CAN-026,VAL-3717,STUD BOLT 1/2 INCH SS B8 UNC,ERSA,MG-BOLT,PCS,Manufacturer_C,PN-153,SAP_ECC,MARA
MAT-0078,CPSE_02,CAN-026,MAT-5346,stud 1/2 bolt inch s.s. b8 unc,ERSA,MG-BOLT,EA,Manufacturer_B,PN-416,SAP_ECC,MARA
MAT-0079,CPSE_04,CAN-027,P-7374,Anchor Bolt M24 Carbon Steel 4.6 Coarse,ERSA,MG-BOLT,PCS,Manufacturer_A,PN-159,ERP_GENERIC,MARA
MAT-0080,CPSE_05,CAN-027,ITM-3321,ANCHOR BOLT M24 CS 4.6 COARSE,ERSA,MG-BOLT,EA,Manufacturer_B,PN-254,SAP_S4HANA,MARA
MAT-0081,CPSE_03,CAN-027,GV-9296,anchor m24 bolt c.s. 4.6 coarse,ERSA,MG-BOLT,PCS,Manufacturer_A,PN-124,SAP_S4HANA,MARA
MAT-0082,CPSE_02,CAN-028,MAT-5460,Hex Head M10 Stainless Steel A2-70 Coarse,ERSA,MG-BOLT,NOS,Manufacturer_A,PN-442,SAP_ECC,MARA
MAT-0083,CPSE_01,CAN-028,VAL-6215,HEX HEAD M10 SS A2-70 COARSE,ERSA,MG-BOLT,PCS,Manufacturer_C,PN-137,SAP_S4HANA,MARA
MAT-0084,CPSE_03,CAN-028,GV-7303,hex m10 head s.s. a2-70 coarse,ERSA,MG-BOLT,NOS,Manufacturer_A,PN-689,SAP_ECC,MARA
MAT-0085,CPSE_04,CAN-029,P-6254,U-Bolt M12 Galvanized Steel 4.8 Coarse,ERSA,MG-BOLT,EA,Manufacturer_A,PN-658,SAP_S4HANA,MARA
MAT-0086,CPSE_05,CAN-029,ITM-7848,U-BOLT M12 GALVANIZED STEEL 4.8 COARSE,ERSA,MG-BOLT,NOS,Manufacturer_B,PN-595,SAP_S4HANA,MARA
MAT-0087,CPSE_02,CAN-029,MAT-5134,u-bolt galvanized m12 steel 4.8 coarse,ERSA,MG-BOLT,EA,Manufacturer_C,PN-432,SAP_ECC,MARA
MAT-0088,CPSE_02,CAN-030,MAT-4045,Socket Head Cap M16 Alloy Steel 12.9 Coarse,ERSA,MG-BOLT,NOS,Manufacturer_A,PN-581,SAP_ECC,MARA
MAT-0089,CPSE_04,CAN-030,P-2515,SOCKET HEAD CAP M16 ALLOY STEEL 12.9 COARSE,ERSA,MG-BOLT,EA,Manufacturer_A,PN-229,SAP_ECC,MARA
MAT-0090,CPSE_03,CAN-030,GV-4244,socket cap head m16 alloy steel 12.9 coarse,ERSA,MG-BOLT,PCS,Manufacturer_C,PN-953,ERP_GENERIC,MARA
MAT-0091,CPSE_03,CAN-031,GV-3625,Power Cable 2.5 sq.mm 4 Core Copper 1.1 kV,ERSA,MG-CABLE,Meter,Manufacturer_B,PN-368,SAP_ECC,MARA
MAT-0092,CPSE_05,CAN-031,ITM-8230,POWER CABLE 2.5 MM2 4 CORE CU 1.1 KV,ERSA,MG-CABLE,MTR,Manufacturer_C,PN-273,SAP_S4HANA,MARA
MAT-0093,CPSE_02,CAN-031,MAT-6604,power 2.5 cable sqmm 4 core cu 1.1 kv,ERSA,MG-CABLE,M,Manufacturer_C,PN-413,SAP_S4HANA,MARA
MAT-0094,CPSE_01,CAN-032,VAL-8685,Power Cable 2.5 sq.mm 4 Core Copper 3.3 kV,ERSA,MG-CABLE,M,Manufacturer_B,PN-289,ERP_GENERIC,MARA
MAT-0095,CPSE_02,CAN-032,MAT-3918,POWER CABLE 2.5 MM2 4 CORE CU 3.3 KV,ERSA,MG-CABLE,M,Manufacturer_A,PN-749,ERP_GENERIC,MARA
MAT-0096,CPSE_04,CAN-032,P-3382,power 2.5 cable sqmm 4 core cu 3.3 kv,ERSA,MG-CABLE,Meter,Manufacturer_B,PN-466,ERP_GENERIC,MARA
MAT-0097,CPSE_01,CAN-033,VAL-1743,Control Cable 1.5 sq.mm 12 Core Copper 1.1 kV,ERSA,MG-CABLE,M,Manufacturer_C,PN-266,SAP_ECC,MARA
MAT-0098,CPSE_02,CAN-033,MAT-7212,CONTROL CABLE 1.5 MM2 12 CORE CU 1.1 KV,ERSA,MG-CABLE,MTR,Manufacturer_C,PN-587,SAP_ECC,MARA
MAT-0099,CPSE_05,CAN-033,ITM-6332,control 1.5 cable sqmm 12 core cu 1.1 kv,ERSA,MG-CABLE,M,Manufacturer_A,PN-889,ERP_GENERIC,MARA
MAT-0100,CPSE_03,CAN-034,GV-6271,Control Cable 2.5 sq.mm 12 Core Copper 1.1 kV,ERSA,MG-CABLE,M,Manufacturer_A,PN-572,SAP_S4HANA,MARA
MAT-0101,CPSE_02,CAN-034,MAT-3111,CONTROL CABLE 2.5 MM2 12 CORE CU 1.1 KV,ERSA,MG-CABLE,M,Manufacturer_B,PN-195,SAP_ECC,MARA
MAT-0102,CPSE_01,CAN-034,VAL-3175,control 2.5 cable sqmm 12 core cu 1.1 kv,ERSA,MG-CABLE,M,Manufacturer_C,PN-390,ERP_GENERIC,MARA
MAT-0103,CPSE_01,CAN-035,VAL-5330,Power Cable 240 sq.mm 3 Core Aluminium 11 kV,ERSA,MG-CABLE,M,Manufacturer_C,PN-867,SAP_ECC,MARA
MAT-0104,CPSE_03,CAN-035,GV-8428,POWER CABLE 240 MM2 3 CORE AL 11 KV,ERSA,MG-CABLE,M,Manufacturer_B,PN-115,ERP_GENERIC,MARA
MAT-0105,CPSE_05,CAN-035,ITM-6023,power 240 cable sqmm 3 core al 11 kv,ERSA,MG-CABLE,MTR,Manufacturer_B,PN-943,SAP_ECC,MARA
MAT-0106,CPSE_03,CAN-036,GV-6006,Power Cable 240 sq.mm 3.5 Core Aluminium 11 kV,ERSA,MG-CABLE,MTR,Manufacturer_C,PN-707,ERP_GENERIC,MARA
MAT-0107,CPSE_05,CAN-036,ITM-9100,POWER CABLE 240 MM2 3.5 CORE AL 11 KV,ERSA,MG-CABLE,M,Manufacturer_B,PN-839,ERP_GENERIC,MARA
MAT-0108,CPSE_01,CAN-036,VAL-2004,power 240 cable sqmm 3.5 core al 11 kv,ERSA,MG-CABLE,MTR,Manufacturer_B,PN-381,ERP_GENERIC,MARA
MAT-0109,CPSE_05,CAN-037,ITM-7131,Instrumentation Cable 1.0 sq.mm 10 Pair Copper 500 V,ERSA,MG-CABLE,MTR,Manufacturer_C,PN-151,ERP_GENERIC,MARA
MAT-0110,CPSE_01,CAN-037,VAL-7618,INSTRUMENTATION CABLE 1.0 MM2 10 PAIR CU 500 V,ERSA,MG-CABLE,M,Manufacturer_A,PN-663,SAP_S4HANA,MARA
MAT-0111,CPSE_03,CAN-037,GV-4301,instrumentation 1.0 cable sqmm 10 pair cu 500 v,ERSA,MG-CABLE,Meter,Manufacturer_A,PN-517,SAP_ECC,MARA
MAT-0112,CPSE_05,CAN-038,ITM-7502,Data Cable AWG 23 4 Pair Copper Low Voltage,ERSA,MG-CABLE,MTR,Manufacturer_C,PN-981,SAP_ECC,MARA
MAT-0113,CPSE_03,CAN-038,GV-2421,DATA CABLE AWG 23 4 PAIR CU LOW VOLTAGE,ERSA,MG-CABLE,M,Manufacturer_B,PN-702,ERP_GENERIC,MARA
MAT-0114,CPSE_02,CAN-038,MAT-5535,data awg cable 23 4 pair cu low voltage,ERSA,MG-CABLE,Meter,Manufacturer_A,PN-614,SAP_S4HANA,MARA
MAT-0115,CPSE_03,CAN-039,GV-4423,Power Cable 630 sq.mm 1 Core Copper 33 kV,ERSA,MG-CABLE,Meter,Manufacturer_C,PN-253,SAP_S4HANA,MARA
MAT-0116,CPSE_05,CAN-039,ITM-9208,POWER CABLE 630 MM2 1 CORE CU 33 KV,ERSA,MG-CABLE,M,Manufacturer_C,PN-267,ERP_GENERIC,MARA
MAT-0117,CPSE_02,CAN-039,MAT-6908,power 630 cable sqmm 1 core cu 33 kv,ERSA,MG-CABLE,M,Manufacturer_A,PN-786,ERP_GENERIC,MARA
MAT-0118,CPSE_05,CAN-040,ITM-4220,Flexible Cable 4.0 sq.mm 5 Core Copper 450/750 V,ERSA,MG-CABLE,M,Manufacturer_B,PN-980,SAP_ECC,MARA
MAT-0119,CPSE_02,CAN-040,MAT-4924,FLEXIBLE CABLE 4.0 MM2 5 CORE CU 450/750 V,ERSA,MG-CABLE,Meter,Manufacturer_A,PN-969,SAP_S4HANA,MARA
MAT-0120,CPSE_01,CAN-040,VAL-3312,flexible 4.0 cable sqmm 5 core cu 450/750 v,ERSA,MG-CABLE,Meter,Manufacturer_A,PN-757,ERP_GENERIC,MARA
