ITEMNUM,DESCRIPTION,ITEMSETID,ITEMTYPE,ORDERUNIT,ISSUEUNIT,COMMODITYGROUP,COMMODITY,STATUS,ROTATING,SITEID,LOCATION,CURBAL,UNITCOST,NATIONAL_ID
MX-40911,"VALVE, BALL, 2"", CL150, ASTM A216 WCB, FLANGED",SET1,ITEM,NOS,NOS,VALVE,BALL,ACTIVE,0,SINGRAULI_PWR,CENTRAL_STORE,12,1260.0,
MX-40912,"VALVE, BALL, 3"", CL150, ASTM A216 WCB, FLANGED",SET1,ITEM,NOS,NOS,VALVE,BALL,ACTIVE,0,BHILAI_STEEL,CENTRAL_STORE,19,2520.0,
MX-40913,"VALVE, BALL, 4"", CL300, ASTM A216 WCB, FLANGED",SET1,ITEM,NOS,NOS,VALVE,BALL,ACTIVE,0,SINGRAULI_PWR,CENTRAL_STORE,26,3780.0,
MX-40914,"VALVE, GATE, 2"", CL150, API 600 WCB, FLANGED",SET1,ITEM,NOS,NOS,VALVE,GATE,ACTIVE,0,BHILAI_STEEL,CENTRAL_STORE,33,5040.0,
MX-40915,"VALVE, GATE, 4"", CL150, API 600 WCB, FLANGED",SET1,ITEM,NOS,NOS,VALVE,GATE,ACTIVE,0,SINGRAULI_PWR,CENTRAL_STORE,40,6300.0,
MX-40916,"VALVE, GATE, 6"", CL300, API 600 WCB, FLANGED",SET1,ITEM,NOS,NOS,VALVE,GATE,ACTIVE,0,BHILAI_STEEL,CENTRAL_STORE,47,7560.0,
MX-40917,"VALVE, GLOBE, 2"", CL150, ASTM A216 WCB, FLANGED",SET1,ITEM,NOS,NOS,VALVE,GLOBE,ACTIVE,0,SINGRAULI_PWR,CENTRAL_STORE,54,8820.0,
MX-40918,"VALVE, GLOBE, 3"", CL300, ASTM A216 WCB, FLANGED",SET1,ITEM,NOS,NOS,VALVE,GLOBE,ACTIVE,0,BHILAI_STEEL,CENTRAL_STORE,11,10080.0,
MX-40919,"VALVE, CHECK, 4"", CL150, BS 1868 WCB, FLANGED",SET1,ITEM,NOS,NOS,VALVE,CHECK,ACTIVE,0,SINGRAULI_PWR,CENTRAL_STORE,18,11340.0,
MX-40920,"VALVE, BUTTERFLY, 6"", PN16, DI BODY EPDM LINED, FLANGED",SET1,ITEM,NOS,NOS,VALVE,BUTTERFLY,ACTIVE,0,BHILAI_STEEL,CENTRAL_STORE,25,12600.0,
MX-40921,"PIPE, SEAMLESS, 2"", SCH 40, ASTM A106 GR B",SET1,ITEM,MTR,MTR,PIPE,SEAMLESS,ACTIVE,0,SINGRAULI_PWR,CENTRAL_STORE,32,13860.0,
MX-40922,"PIPE, SEAMLESS, 3"", SCH 40, ASTM A106 GR B",SET1,ITEM,MTR,MTR,PIPE,SEAMLESS,ACTIVE,0,BHILAI_STEEL,CENTRAL_STORE,39,15120.0,
MX-40923,"PIPE, SEAMLESS, 4"", SCH 40, ASTM A106 GR B",SET1,ITEM,MTR,MTR,PIPE,SEAMLESS,ACTIVE,0,SINGRAULI_PWR,CENTRAL_STORE,46,16380.0,
MX-40924,"PIPE, SEAMLESS, 6"", SCH 40, ASTM A106 GR B",SET1,ITEM,MTR,MTR,PIPE,SEAMLESS,ACTIVE,0,BHILAI_STEEL,CENTRAL_STORE,53,17640.0,
MX-40925,"PIPE, SEAMLESS, 8"", SCH 80, ASTM A106 GR B",SET1,ITEM,MTR,MTR,PIPE,SEAMLESS,ACTIVE,0,SINGRAULI_PWR,CENTRAL_STORE,10,18900.0,
MX-40926,"PIPE, STAINLESS, 2"", SCH 40S, ASTM A312 TP304L",SET1,ITEM,MTR,MTR,PIPE,STAINLESS,ACTIVE,0,BHILAI_STEEL,CENTRAL_STORE,17,20160.0,
MX-40927,"PIPE, STAINLESS, 4"", SCH 40S, ASTM A312 TP304L",SET1,ITEM,MTR,MTR,PIPE,STAINLESS,ACTIVE,0,SINGRAULI_PWR,CENTRAL_STORE,24,21420.0,
MX-40928,"PIPE, STAINLESS, 2"", SCH 40S, ASTM A312 TP316L",SET1,ITEM,MTR,MTR,PIPE,STAINLESS,ACTIVE,0,BHILAI_STEEL,CENTRAL_STORE,31,22680.0,
MX-40929,"PIPE, ERW, 100MM, HEAVY, IS 1239 PART 1",SET1,ITEM,MTR,MTR,PIPE,ERW,ACTIVE,0,SINGRAULI_PWR,CENTRAL_STORE,38,23940.0,
MX-40930,"PIPE, ERW, 150MM, HEAVY, IS 3589 FE 410",SET1,ITEM,MTR,MTR,PIPE,ERW,ACTIVE,0,BHILAI_STEEL,CENTRAL_STORE,45,25200.0,
MX-40931,"FLANGE, WNRF, 2"", CL150, ASTM A105 SCH 40",SET1,ITEM,PC,PC,FLANGE,WNRF,ACTIVE,0,SINGRAULI_PWR,CENTRAL_STORE,52,26460.0,
MX-40932,"FLANGE, WNRF, 4"", CL150, ASTM A105 SCH 40",SET1,ITEM,PC,PC,FLANGE,WNRF,ACTIVE,0,BHILAI_STEEL,CENTRAL_STORE,9,27720.0,
MX-40933,"FLANGE, WNRF, 6"", CL300, ASTM A105 SCH 40",SET1,ITEM,PC,PC,FLANGE,WNRF,ACTIVE,0,SINGRAULI_PWR,CENTRAL_STORE,16,28980.0,
MX-40934,"FLANGE, SORF, 2"", CL150, ASTM A105",SET1,ITEM,PC,PC,FLANGE,SORF,ACTIVE,0,BHILAI_STEEL,CENTRAL_STORE,23,30240.0,
MX-40935,"FLANGE, SORF, 4"", CL150, ASTM A105",SET1,ITEM,PC,PC,FLANGE,SORF,ACTIVE,0,SINGRAULI_PWR,CENTRAL_STORE,30,31500.0,
MX-40936,"FLANGE, BLIND, 2"", CL150, ASTM A105 RF",SET1,ITEM,PC,PC,FLANGE,BLIND,ACTIVE,0,BHILAI_STEEL,CENTRAL_STORE,37,32760.0,
MX-40937,"FLANGE, BLIND, 4"", CL150, ASTM A105 RF",SET1,ITEM,PC,PC,FLANGE,BLIND,ACTIVE,0,SINGRAULI_PWR,CENTRAL_STORE,44,34020.0,
MX-40938,"FLANGE, WNRF, 2"", CL150, ASTM A182 F316L",SET1,ITEM,PC,PC,FLANGE,WNRF,ACTIVE,0,BHILAI_STEEL,CENTRAL_STORE,51,35280.0,
MX-40939,"BOLT, STUD, 3/4IN X 100MM, A193 B7 W/ 2 NUTS A194 2H",SET1,ITEM,SET,SET,FASTENER,STUD BOLT,ACTIVE,0,SINGRAULI_PWR,CENTRAL_STORE,8,36540.0,
MX-40940,"BOLT, STUD, 7/8IN X 120MM, A193 B7 W/ 2 NUTS A194 2H",SET1,ITEM,SET,SET,FASTENER,STUD BOLT,ACTIVE,0,BHILAI_STEEL,CENTRAL_STORE,15,37800.0,
MX-40941,"BOLT, STUD, 1IN X 150MM, A193 B7 W/ 2 NUTS A194 2H",SET1,ITEM,SET,SET,FASTENER,STUD BOLT,ACTIVE,0,SINGRAULI_PWR,CENTRAL_STORE,22,39060.0,
MX-40942,"BOLT, STUD, M16 X 60MM, IS 1363 CLASS 8.8 GALV",SET1,ITEM,NOS,NOS,FASTENER,HEX BOLT,ACTIVE,0,BHILAI_STEEL,CENTRAL_STORE,29,40320.0,
MX-40943,"GASKET, SPIRAL WOUND, 2"", CL150, SS316 / GRAPHITE ASME B16.20",SET1,ITEM,NOS,NOS,GASKET,SPIRAL WOUND,ACTIVE,0,SINGRAULI_PWR,CENTRAL_STORE,36,41580.0,
MX-40944,"GASKET, SPIRAL WOUND, 4"", CL150, SS316 / GRAPHITE ASME B16.20",SET1,ITEM,NOS,NOS,GASKET,SPIRAL WOUND,ACTIVE,0,BHILAI_STEEL,CENTRAL_STORE,43,42840.0,
MX-40945,"GASKET, SPIRAL WOUND, 6"", CL300, SS316 / GRAPHITE ASME B16.20",SET1,ITEM,NOS,NOS,GASKET,SPIRAL WOUND,ACTIVE,0,SINGRAULI_PWR,CENTRAL_STORE,50,44100.0,
MX-40946,"CABLE, HT XLPE, 3C X 240 SQMM, 11KV, AL ARMOURED IS 7098 P2",SET1,ITEM,MTR,MTR,CABLE,HT XLPE,ACTIVE,0,BHILAI_STEEL,CENTRAL_STORE,7,45360.0,
MX-40947,"CABLE, HT XLPE, 3C X 300 SQMM, 11KV, AL ARMOURED IS 7098 P2",SET1,ITEM,MTR,MTR,CABLE,HT XLPE,ACTIVE,0,SINGRAULI_PWR,CENTRAL_STORE,14,46620.0,
MX-40948,"CABLE, HT XLPE, 3C X 300 SQMM, 33KV, AL ARMOURED IS 7098 P2",SET1,ITEM,MTR,MTR,CABLE,HT XLPE,ACTIVE,0,BHILAI_STEEL,CENTRAL_STORE,21,47880.0,
MX-40949,"CABLE, LT XLPE, 4C X 16 SQMM, 1.1KV, AL ARMOURED IS 7098 P1",SET1,ITEM,MTR,MTR,CABLE,LT XLPE,ACTIVE,0,SINGRAULI_PWR,CENTRAL_STORE,28,49140.0,
MX-40950,"CABLE, LT XLPE, 4C X 25 SQMM, 1.1KV, AL ARMOURED IS 7098 P1",SET1,ITEM,MTR,MTR,CABLE,LT XLPE,ACTIVE,0,BHILAI_STEEL,CENTRAL_STORE,35,50400.0,
MX-40951,"CABLE, LT XLPE, 4C X 50 SQMM, 1.1KV, AL ARMOURED IS 7098 P1",SET1,ITEM,MTR,MTR,CABLE,LT XLPE,ACTIVE,0,SINGRAULI_PWR,CENTRAL_STORE,42,51660.0,
MX-40952,"OIL, TRANSFORMER, UNINHIBITED MINERAL OIL IS 335",SET1,ITEM,LTR,LTR,OIL,TRANSFORMER,ACTIVE,0,BHILAI_STEEL,CENTRAL_STORE,49,52920.0,
MX-40953,"ELECTRICAL, SILICA GEL, BLUE INDICATING BREATHER GRADE",SET1,ITEM,KG,KG,ELECTRICAL,SILICA GEL,ACTIVE,0,SINGRAULI_PWR,CENTRAL_STORE,6,54180.0,
MX-40954,"PUMP, CENTRIFUGAL, 50 M3/HR 60M HEAD 37KW MOTOR",SET1,ITEM,SET,SET,PUMP,CENTRIFUGAL,ACTIVE,1,BHILAI_STEEL,CENTRAL_STORE,13,55440.0,
MX-40955,"PUMP, CENTRIFUGAL, 100 M3/HR 45M HEAD 45KW MOTOR",SET1,ITEM,SET,SET,PUMP,CENTRIFUGAL,ACTIVE,1,SINGRAULI_PWR,CENTRAL_STORE,20,56700.0,
MX-40956,"PUMP, SUBMERSIBLE, DEWATERING 30 M3/HR 25M HEAD 7.5KW",SET1,ITEM,SET,SET,PUMP,SUBMERSIBLE,ACTIVE,1,BHILAI_STEEL,CENTRAL_STORE,27,57960.0,
MX-40957,"MOTOR, ELECTRIC, INDUCTION, 37 KW 4-POLE 415V 50HZ IE3 B3 FOOT",SET1,ITEM,NOS,NOS,MOTOR,INDUCTION,ACTIVE,1,SINGRAULI_PWR,CENTRAL_STORE,34,59220.0,
MX-40958,"MOTOR, ELECTRIC, INDUCTION, 75 KW 4-POLE 415V 50HZ IE3 B3 FOOT",SET1,ITEM,NOS,NOS,MOTOR,INDUCTION,ACTIVE,1,BHILAI_STEEL,CENTRAL_STORE,41,60480.0,
MX-40959,"COUPLING, FLEXIBLE, PIN BUSH TYPE SIZE F80 WITH PIN & BUSH",SET1,ITEM,SET,SET,COUPLING,FLEXIBLE,ACTIVE,0,SINGRAULI_PWR,CENTRAL_STORE,48,61740.0,
MX-40960,"MECHANICAL SEAL, CARTRIDGE, SINGLE BALANCED 50MM FOR WATER PUMP",SET1,ITEM,NOS,NOS,MECHANICAL SEAL,CARTRIDGE,ACTIVE,0,BHILAI_STEEL,CENTRAL_STORE,5,63000.0,
MX-40961,"BEARING, BALL, DEEP GROOVE 6312 2Z C3 CLEARANCE",SET1,ITEM,NOS,NOS,BEARING,BALL,ACTIVE,0,SINGRAULI_PWR,CENTRAL_STORE,12,64260.0,
MX-40962,"BEARING, BALL, DEEP GROOVE 6315 C3 CLEARANCE OPEN",SET1,ITEM,NOS,NOS,BEARING,BALL,ACTIVE,0,BHILAI_STEEL,CENTRAL_STORE,19,65520.0,
MX-40963,"BEARING, ROLLER, SPHERICAL ROLLER 22220 EK/C3 TAPER BORE",SET1,ITEM,NOS,NOS,BEARING,ROLLER,ACTIVE,0,SINGRAULI_PWR,CENTRAL_STORE,26,66780.0,
MX-40964,"BEARING, ROLLER, SPHERICAL ROLLER 22316 CC/W33",SET1,ITEM,NOS,NOS,BEARING,ROLLER,ACTIVE,0,BHILAI_STEEL,CENTRAL_STORE,33,68040.0,
MX-40965,"BEARING, BALL, DEEP GROOVE 6208 2RS SEALED",SET1,ITEM,NOS,NOS,BEARING,BALL,ACTIVE,0,SINGRAULI_PWR,CENTRAL_STORE,40,69300.0,
MX-40966,"BELT, CONVEYOR, EP 800/4 1200MM WIDE 4+2 GRADE M",SET1,ITEM,M,M,BELT,CONVEYOR,ACTIVE,0,BHILAI_STEEL,CENTRAL_STORE,47,70560.0,
MX-40967,"BELT, CONVEYOR, EP 1000/4 1400MM WIDE 5+2 GRADE HR",SET1,ITEM,M,M,BELT,CONVEYOR,ACTIVE,0,SINGRAULI_PWR,CENTRAL_STORE,54,71820.0,
MX-40968,"ROLLER, IDLER, TROUGHING IDLER ROLLER DIA 127MM X 465MM",SET1,ITEM,NOS,NOS,ROLLER,IDLER,ACTIVE,0,BHILAI_STEEL,CENTRAL_STORE,11,73080.0,
MX-40969,"PULLEY, CONVEYOR, HEAD DRIVE PULLEY 500MM DIA X 1400MM FACE RUBBER LAGGED",SET1,ITEM,NOS,NOS,PULLEY,CONVEYOR,ACTIVE,0,SINGRAULI_PWR,CENTRAL_STORE,18,74340.0,
MX-40970,"INSTRUMENT, TRANSMITTER, PRESSURE TRANSMITTER 4-20MA HART 0-10 BAR 1/2IN NPT",SET1,ITEM,NOS,NOS,INSTRUMENT,TRANSMITTER,ACTIVE,0,BHILAI_STEEL,CENTRAL_STORE,25,75600.0,
